id,attributes,brand,description,name,sku,category_id
1,"{""rating"": 3.8, ""color"": ""Grey"", ""variant"": ""5kg"", ""is_prime_eligible"": true, ""warranty_months"": 24, ""amazon_style_tag"": ""Best Seller""}",Aashirvaad,Aashirvaad Biscuits Family Pack Plus 5kg in Groceries category with marketplace-style pricing dynamics and seasonal demand shifts.,Aashirvaad Biscuits Family Pack Plus 5kg,G-AASH-ABFP-0001,5
2,"{""rating"": 3.9, ""color"": ""Grey"", ""variant"": ""Grey"", ""is_prime_eligible"": false, ""warranty_months"": 12, ""amazon_style_tag"": ""Top Rated""}",Decathlon,Decathlon Yoga Mat Lite Grey in Sports category with marketplace-style pricing dynamics and seasonal demand shifts.,Decathlon Yoga Mat Lite Grey,S-DECA-DYML-0002,7
3,"{""rating"": 4.4, ""color"": ""White"", ""variant"": ""42mm"", ""is_prime_eligible"": true, ""warranty_months"": 6, ""amazon_style_tag"": ""Best Seller""}",Adidas,Adidas Yoga Mat Max 42mm in Sports category with marketplace-style pricing dynamics and seasonal demand shifts.,Adidas Yoga Mat Max 42mm,S-ADID-AYMM-0003,7
4,"{""rating"": 4.2, ""color"": ""Blue"", ""variant"": ""Green"", ""is_prime_eligible"": true, ""warranty_months"": 24, ""amazon_style_tag"": ""Recommended""}",L'Oreal,L'Oreal Lipstick Lite Green in Beauty category with marketplace-style pricing dynamics and seasonal demand shifts.,L'Oreal Lipstick Lite Green,B-LORE-LLLG-0004,4
5,"{""rating"": 3.9, ""color"": ""Silver"", ""variant"": ""Black"", ""is_prime_eligible"": true, ""warranty_months"": 6, ""amazon_style_tag"": ""Top Rated""}",Nivea,Nivea Perfume Core Black in Beauty category with marketplace-style pricing dynamics and seasonal demand shifts.,Nivea Perfume Core Black,B-NIVE-NPCB-0005,4
6,"{""rating"": 4.3, ""color"": ""Black"", ""variant"": ""Black"", ""is_prime_eligible"": true, ""warranty_months"": 12, ""amazon_style_tag"": ""Top Rated""}",Decathlon,Decathlon Cycling Helmet Plus Black in Sports category with marketplace-style pricing dynamics and seasonal demand shifts.,Decathlon Cycling Helmet Plus Black,S-DECA-DCHP-0006,7
7,"{""rating"": 4.1, ""color"": ""White"", ""variant"": ""5kg"", ""is_prime_eligible"": true, ""warranty_months"": 6, ""amazon_style_tag"": ""Top Rated""}",Nike,Nike Women's Running Shoes Core 5kg in Fashion category with marketplace-style pricing dynamics and seasonal demand shifts.,Nike Women's Running Shoes Core 5kg,F-NIKE-NWRS-0007,3
8,"{""rating"": 4.4, ""color"": ""Grey"", ""variant"": ""5kg"", ""is_prime_eligible"": true, ""warranty_months"": 12, ""amazon_style_tag"": ""Recommended""}",Zara,Zara Formal Belt Air 5kg in Fashion category with marketplace-style pricing dynamics and seasonal demand shifts.,Zara Formal Belt Air 5kg,F-ZARA-ZFBA-0008,3
9,"{""rating"": 3.9, ""color"": ""Silver"", ""variant"": ""Black"", ""is_prime_eligible"": true, ""warranty_months"": 12, ""amazon_style_tag"": ""Best Seller""}",Adidas,Adidas Slim Fit Jeans Core Black in Fashion category with marketplace-style pricing dynamics and seasonal demand shifts.,Adidas Slim Fit Jeans Core Black,F-ADID-ASFJ-0009,3
10,"{""rating"": 4.0, ""color"": ""Black"", ""variant"": ""128GB"", ""is_prime_eligible"": false, ""warranty_months"": 12, ""amazon_style_tag"": null}",Dettol,Dettol Wheat Flour 10kg Max 128GB in Groceries category with marketplace-style pricing dynamics and seasonal demand shifts.,Dettol Wheat Flour 10kg Max 128GB,G-DETT-DWF1-0010,5
11,"{""rating"": 4.0, ""color"": ""Black"", ""variant"": ""Silver"", ""is_prime_eligible"": true, ""warranty_months"": 6, ""amazon_style_tag"": ""Recommended""}",Aashirvaad,Aashirvaad Peanut Butter Pro Silver in Groceries category with marketplace-style pricing dynamics and seasonal demand shifts.,Aashirvaad Peanut Butter Pro Silver,G-AASH-APBP-0011,5
12,"{""rating"": 3.6, ""color"": ""White"", ""variant"": ""Small"", ""is_prime_eligible"": true, ""warranty_months"": 6, ""amazon_style_tag"": ""Top Rated""}",Nivea,Nivea Shampoo Neo Small in Beauty category with marketplace-style pricing dynamics and seasonal demand shifts.,Nivea Shampoo Neo Small,B-NIVE-NSNS-0012,4
13,"{""rating"": 4.2, ""color"": ""White"", ""variant"": ""Small"", ""is_prime_eligible"": false, ""warranty_months"": 6, ""amazon_style_tag"": null}",Dove,Dove Shampoo Neo Small in Beauty category with marketplace-style pricing dynamics and seasonal demand shifts.,Dove Shampoo Neo Small,B-DOVE-DSNS-0013,4
14,"{""rating"": 4.2, ""color"": ""Pink"", ""variant"": ""Silver"", ""is_prime_eligible"": true, ""warranty_months"": 12, ""amazon_style_tag"": ""Top Rated""}",McGraw Hill,McGraw Hill Machine Learning Handbook Ultra Silver in Books category with marketplace-style pricing dynamics and seasonal demand shifts.,McGraw Hill Machine Learning Handbook Ultra Silver,B-MCGR-MHML-0014,6
15,"{""rating"": 4.1, ""color"": ""White"", ""variant"": ""1L"", ""is_prime_eligible"": true, ""warranty_months"": 24, ""amazon_style_tag"": ""Limited Deal""}",Nike,Nike Cricket Bat Prime 1L in Sports category with marketplace-style pricing dynamics and seasonal demand shifts.,Nike Cricket Bat Prime 1L,S-NIKE-NCBP-0015,7
16,"{""rating"": 4.0, ""color"": ""Blue"", ""variant"": ""Black"", ""is_prime_eligible"": true, ""warranty_months"": 24, ""amazon_style_tag"": ""Limited Deal""}",O'Reilly,O'Reilly Aptitude Preparation Book Plus Black in Books category with marketplace-style pricing dynamics and seasonal demand shifts.,O'Reilly Aptitude Preparation Book Plus Black,B-OREI-OAPB-0016,6
17,"{""rating"": 3.6, ""color"": ""Silver"", ""variant"": ""Small"", ""is_prime_eligible"": false, ""warranty_months"": 12, ""amazon_style_tag"": ""Top Rated""}",Realme,Realme Bluetooth Speaker Max Small in Electronics category with marketplace-style pricing dynamics and seasonal demand shifts.,Realme Bluetooth Speaker Max Small,E-REAL-RBSM-0017,1
18,"{""rating"": 4.0, ""color"": ""Red"", ""variant"": ""Blue"", ""is_prime_eligible"": true, ""warranty_months"": 12, ""amazon_style_tag"": ""Recommended""}",Lakme,Lakme Shampoo Lite Blue in Beauty category with marketplace-style pricing dynamics and seasonal demand shifts.,Lakme Shampoo Lite Blue,B-LAKM-LSLB-0018,4
19,"{""rating"": 4.0, ""color"": ""White"", ""variant"": ""Black"", ""is_prime_eligible"": true, ""warranty_months"": 12, ""amazon_style_tag"": ""Recommended""}",Penguin,Penguin Machine Learning Handbook Pro Black in Books category with marketplace-style pricing dynamics and seasonal demand shifts.,Penguin Machine Learning Handbook Pro Black,B-PENG-PMLH-0019,6
20,"{""rating"": 3.8, ""color"": ""Blue"", ""variant"": ""Large"", ""is_prime_eligible"": false, ""warranty_months"": 24, ""amazon_style_tag"": ""Recommended""}",Tata,Tata Sunflower Oil 1L Prime Large in Groceries category with marketplace-style pricing dynamics and seasonal demand shifts.,Tata Sunflower Oil 1L Prime Large,G-TATA-TSO1-0020,5
21,"{""rating"": 4.0, ""color"": ""White"", ""variant"": ""Green"", ""is_prime_eligible"": true, ""warranty_months"": 12, ""amazon_style_tag"": ""Best Seller""}",Roadster,Roadster Backpack Core Green in Fashion category with marketplace-style pricing dynamics and seasonal demand shifts.,Roadster Backpack Core Green,F-ROAD-RBCG-0021,3
22,"{""rating"": 4.2, ""color"": ""Grey"", ""variant"": ""2L"", ""is_prime_eligible"": true, ""warranty_months"": 6, ""amazon_style_tag"": ""Limited Deal""}",Mamaearth,Mamaearth Perfume Air 2L in Beauty category with marketplace-style pricing dynamics and seasonal demand shifts.,Mamaearth Perfume Air 2L,B-MAMA-MPA2-0022,4
23,"{""rating"": 4.8, ""color"": ""Blue"", ""variant"": ""2L"", ""is_prime_eligible"": true, ""warranty_months"": 12, ""amazon_style_tag"": ""Best Seller""}",Nivea,Nivea Shampoo Core 2L in Beauty category with marketplace-style pricing dynamics and seasonal demand shifts.,Nivea Shampoo Core 2L,B-NIVE-NSC2-0023,4
24,"{""rating"": 4.2, ""color"": ""Blue"", ""variant"": ""5kg"", ""is_prime_eligible"": false, ""warranty_months"": 12, ""amazon_style_tag"": ""Recommended""}",Arihant,Arihant Cyber Security Essentials Prime 5kg in Books category with marketplace-style pricing dynamics and seasonal demand shifts.,Arihant Cyber Security Essentials Prime 5kg,B-ARIH-ACSE-0024,6
25,"{""rating"": 4.2, ""color"": ""White"", ""variant"": ""Blue"", ""is_prime_eligible"": false, ""warranty_months"": 24, ""amazon_style_tag"": ""Limited Deal""}",Roadster,Roadster Slim Fit Jeans Neo Blue in Fashion category with marketplace-style pricing dynamics and seasonal demand shifts.,Roadster Slim Fit Jeans Neo Blue,F-ROAD-RSFJ-0025,3
26,"{""rating"": 4.1, ""color"": ""Black"", ""variant"": ""Large"", ""is_prime_eligible"": true, ""warranty_months"": 24, ""amazon_style_tag"": ""Recommended""}",Mi,Mi Mechanical Keyboard Plus Large in Electronics category with marketplace-style pricing dynamics and seasonal demand shifts.,Mi Mechanical Keyboard Plus Large,E-MI-MMKP-0026,1
27,"{""rating"": 3.4, ""color"": ""Pink"", ""variant"": ""2L"", ""is_prime_eligible"": true, ""warranty_months"": 24, ""amazon_style_tag"": ""Recommended""}",Cosco,Cosco Football Edge 2L in Sports category with marketplace-style pricing dynamics and seasonal demand shifts.,Cosco Football Edge 2L,S-COSC-CFE2-0027,7
28,"{""rating"": 4.1, ""color"": ""Grey"", ""variant"": ""Silver"", ""is_prime_eligible"": true, ""warranty_months"": 6, ""amazon_style_tag"": ""Best Seller""}",Puma,Puma Backpack Pro Silver in Fashion category with marketplace-style pricing dynamics and seasonal demand shifts.,Puma Backpack Pro Silver,F-PUMA-PBPS-0028,3
29,"{""rating"": 4.1, ""color"": ""Silver"", ""variant"": ""5kg"", ""is_prime_eligible"": false, ""warranty_months"": 12, ""amazon_style_tag"": ""Top Rated""}",Nike,Nike Dumbbell Pair Ultra 5kg in Sports category with marketplace-style pricing dynamics and seasonal demand shifts.,Nike Dumbbell Pair Ultra 5kg,S-NIKE-NDPU-0029,7
30,"{""rating"": 4.9, ""color"": ""Pink"", ""variant"": ""Large"", ""is_prime_eligible"": true, ""warranty_months"": 24, ""amazon_style_tag"": ""Best Seller""}",Yonex,Yonex Cricket Bat Edge Large in Sports category with marketplace-style pricing dynamics and seasonal demand shifts.,Yonex Cricket Bat Edge Large,S-YONE-YCBE-0030,7
31,"{""rating"": 4.0, ""color"": ""Red"", ""variant"": ""128GB"", ""is_prime_eligible"": true, ""warranty_months"": 6, ""amazon_style_tag"": ""Best Seller""}",Boat,Boat Wireless Earbuds Prime 128GB in Electronics category with marketplace-style pricing dynamics and seasonal demand shifts.,Boat Wireless Earbuds Prime 128GB,E-BOAT-BWEP-0031,1
32,"{""rating"": 4.2, ""color"": ""Silver"", ""variant"": ""Silver"", ""is_prime_eligible"": true, ""warranty_months"": 6, ""amazon_style_tag"": ""Recommended""}",Wonderchef,Wonderchef Water Bottle Core Silver in Home & Kitchen category with marketplace-style pricing dynamics and seasonal demand shifts.,Wonderchef Water Bottle Core Silver,H&K-WOND-WWBC-0032,2
33,"{""rating"": 4.1, ""color"": ""Grey"", ""variant"": ""Silver"", ""is_prime_eligible"": true, ""warranty_months"": 6, ""amazon_style_tag"": ""Recommended""}",Wonderchef,Wonderchef Lunch Box Prime Silver in Home & Kitchen category with marketplace-style pricing dynamics and seasonal demand shifts.,Wonderchef Lunch Box Prime Silver,H&K-WOND-WLBP-0033,2
34,"{""rating"": 3.7, ""color"": ""Black"", ""variant"": ""Red"", ""is_prime_eligible"": true, ""warranty_months"": 24, ""amazon_style_tag"": null}",Dove,Dove Face Serum Neo Red in Beauty category with marketplace-style pricing dynamics and seasonal demand shifts.,Dove Face Serum Neo Red,B-DOVE-DFSN-0034,4
35,"{""rating"": 4.5, ""color"": ""White"", ""variant"": ""Green"", ""is_prime_eligible"": true, ""warranty_months"": 24, ""amazon_style_tag"": null}",Mamaearth,Mamaearth Body Lotion Air Green in Beauty category with marketplace-style pricing dynamics and seasonal demand shifts.,Mamaearth Body Lotion Air Green,B-MAMA-MBLA-0035,4
36,"{""rating"": 4.4, ""color"": ""Silver"", ""variant"": ""1L"", ""is_prime_eligible"": true, ""warranty_months"": 24, ""amazon_style_tag"": ""Top Rated""}",Tata,Tata Coffee Jar Core 1L in Groceries category with marketplace-style pricing dynamics and seasonal demand shifts.,Tata Coffee Jar Core 1L,G-TATA-TCJC-0036,5
37,"{""rating"": 4.4, ""color"": ""Red"", ""variant"": ""1L"", ""is_prime_eligible"": true, ""warranty_months"": 12, ""amazon_style_tag"": ""Limited Deal""}",Zara,Zara Slim Fit Jeans Lite 1L in Fashion category with marketplace-style pricing dynamics and seasonal demand shifts.,Zara Slim Fit Jeans Lite 1L,F-ZARA-ZSFJ-0037,3
38,"{""rating"": 3.8, ""color"": ""Green"", ""variant"": ""Green"", ""is_prime_eligible"": true, ""warranty_months"": 12, ""amazon_style_tag"": null}",Butterfly,Butterfly Vacuum Flask Lite Green in Home & Kitchen category with marketplace-style pricing dynamics and seasonal demand shifts.,Butterfly Vacuum Flask Lite Green,H&K-BUTT-BVFL-0038,2
39,"{""rating"": 4.6, ""color"": ""Grey"", ""variant"": ""10kg"", ""is_prime_eligible"": true, ""warranty_months"": 6, ""amazon_style_tag"": ""Best Seller""}",Mamaearth,Mamaearth Face Serum Core 10kg in Beauty category with marketplace-style pricing dynamics and seasonal demand shifts.,Mamaearth Face Serum Core 10kg,B-MAMA-MFSC-0039,4
40,"{""rating"": 3.6, ""color"": ""White"", ""variant"": ""Grey"", ""is_prime_eligible"": true, ""warranty_months"": 12, ""amazon_style_tag"": ""Limited Deal""}",Maybelline,Maybelline Face Wash Pro Grey in Beauty category with marketplace-style pricing dynamics and seasonal demand shifts.,Maybelline Face Wash Pro Grey,B-MAYB-MFWP-0040,4
41,"{""rating"": 4.3, ""color"": ""Green"", ""variant"": ""10kg"", ""is_prime_eligible"": false, ""warranty_months"": 6, ""amazon_style_tag"": null}",Yonex,Yonex Skipping Rope Plus 10kg in Sports category with marketplace-style pricing dynamics and seasonal demand shifts.,Yonex Skipping Rope Plus 10kg,S-YONE-YSRP-0041,7
42,"{""rating"": 4.9, ""color"": ""Silver"", ""variant"": ""10kg"", ""is_prime_eligible"": true, ""warranty_months"": 6, ""amazon_style_tag"": ""Recommended""}",Adidas,Adidas Cycling Helmet Plus 10kg in Sports category with marketplace-style pricing dynamics and seasonal demand shifts.,Adidas Cycling Helmet Plus 10kg,S-ADID-ACHP-0042,7
43,"{""rating"": 3.8, ""color"": ""Red"", ""variant"": ""Blue"", ""is_prime_eligible"": true, ""warranty_months"": 24, ""amazon_style_tag"": ""Limited Deal""}",Nivea,Nivea Hair Oil Neo Blue in Beauty category with marketplace-style pricing dynamics and seasonal demand shifts.,Nivea Hair Oil Neo Blue,B-NIVE-NHON-0043,4
44,"{""rating"": 3.9, ""color"": ""Silver"", ""variant"": ""10kg"", ""is_prime_eligible"": true, ""warranty_months"": 12, ""amazon_style_tag"": ""Recommended""}",Arihant,Arihant Aptitude Preparation Book Air 10kg in Books category with marketplace-style pricing dynamics and seasonal demand shifts.,Arihant Aptitude Preparation Book Air 10kg,B-ARIH-AAPB-0044,6
45,"{""rating"": 4.1, ""color"": ""Grey"", ""variant"": ""5kg"", ""is_prime_eligible"": true, ""warranty_months"": 24, ""amazon_style_tag"": ""Top Rated""}",Pigeon,Pigeon Water Bottle Lite 5kg in Home & Kitchen category with marketplace-style pricing dynamics and seasonal demand shifts.,Pigeon Water Bottle Lite 5kg,H&K-PIGE-PWBL-0045,2
46,"{""rating"": 3.9, ""color"": ""Green"", ""variant"": ""Small"", ""is_prime_eligible"": false, ""warranty_months"": 12, ""amazon_style_tag"": ""Best Seller""}",Tata,Tata Wheat Flour 10kg Lite Small in Groceries category with marketplace-style pricing dynamics and seasonal demand shifts.,Tata Wheat Flour 10kg Lite Small,G-TATA-TWF1-0046,5
47,"{""rating"": 3.6, ""color"": ""Green"", ""variant"": ""Medium"", ""is_prime_eligible"": true, ""warranty_months"": 12, ""amazon_style_tag"": null}",Philips,Philips Induction Cooktop Pro Medium in Home & Kitchen category with marketplace-style pricing dynamics and seasonal demand shifts.,Philips Induction Cooktop Pro Medium,H&K-PHIL-PICP-0047,2
48,"{""rating"": 4.1, ""color"": ""Grey"", ""variant"": ""5kg"", ""is_prime_eligible"": false, ""warranty_months"": 6, ""amazon_style_tag"": ""Top Rated""}",Milton,Milton Storage Container Set Max 5kg in Home & Kitchen category with marketplace-style pricing dynamics and seasonal demand shifts.,Milton Storage Container Set Max 5kg,H&K-MILT-MSCS-0048,2
49,"{""rating"": 3.7, ""color"": ""Silver"", ""variant"": ""128GB"", ""is_prime_eligible"": false, ""warranty_months"": 6, ""amazon_style_tag"": ""Best Seller""}",Cello,Cello Vacuum Flask Prime 128GB in Home & Kitchen category with marketplace-style pricing dynamics and seasonal demand shifts.,Cello Vacuum Flask Prime 128GB,H&K-CELL-CVFP-0049,2
50,"{""rating"": 4.3, ""color"": ""Green"", ""variant"": ""Pink"", ""is_prime_eligible"": false, ""warranty_months"": 6, ""amazon_style_tag"": ""Recommended""}",Pearson,Pearson Cloud Computing Basics Plus Pink in Books category with marketplace-style pricing dynamics and seasonal demand shifts.,Pearson Cloud Computing Basics Plus Pink,B-PEAR-PCCB-0050,6
51,"{""rating"": 3.8, ""color"": ""Pink"", ""variant"": ""128GB"", ""is_prime_eligible"": false, ""warranty_months"": 6, ""amazon_style_tag"": ""Top Rated""}",Allen Solly,Allen Solly Men's Casual Shirt Neo 128GB in Fashion category with marketplace-style pricing dynamics and seasonal demand shifts.,Allen Solly Men's Casual Shirt Neo 128GB,F-ALLE-ASMC-0051,3
52,"{""rating"": 4.6, ""color"": ""White"", ""variant"": ""White"", ""is_prime_eligible"": true, ""warranty_months"": 6, ""amazon_style_tag"": ""Limited Deal""}",HarperCollins,HarperCollins Aptitude Preparation Book Neo White in Books category with marketplace-style pricing dynamics and seasonal demand shifts.,HarperCollins Aptitude Preparation Book Neo White,B-HARP-HAPB-0052,6
53,"{""rating"": 3.8, ""color"": ""Grey"", ""variant"": ""Silver"", ""is_prime_eligible"": true, ""warranty_months"": 12, ""amazon_style_tag"": ""Best Seller""}",Arihant,Arihant Cyber Security Essentials Core Silver in Books category with marketplace-style pricing dynamics and seasonal demand shifts.,Arihant Cyber Security Essentials Core Silver,B-ARIH-ACSE-0053,6
54,"{""rating"": 4.0, ""color"": ""Black"", ""variant"": ""White"", ""is_prime_eligible"": true, ""warranty_months"": 12, ""amazon_style_tag"": null}",Dove,Dove Hair Oil Pro White in Beauty category with marketplace-style pricing dynamics and seasonal demand shifts.,Dove Hair Oil Pro White,B-DOVE-DHOP-0054,4
55,"{""rating"": 4.4, ""color"": ""Grey"", ""variant"": ""Small"", ""is_prime_eligible"": false, ""warranty_months"": 24, ""amazon_style_tag"": ""Recommended""}",HP,HP Tablet Cover Plus Small in Electronics category with marketplace-style pricing dynamics and seasonal demand shifts.,HP Tablet Cover Plus Small,E-HP-HTCP-0055,1
56,"{""rating"": 3.7, ""color"": ""Blue"", ""variant"": ""10kg"", ""is_prime_eligible"": true, ""warranty_months"": 6, ""amazon_style_tag"": ""Top Rated""}",Levi's,Levi's Sneakers Max 10kg in Fashion category with marketplace-style pricing dynamics and seasonal demand shifts.,Levi's Sneakers Max 10kg,F-LEVI-LSM1-0056,3
57,"{""rating"": 4.2, ""color"": ""Pink"", ""variant"": ""White"", ""is_prime_eligible"": false, ""warranty_months"": 24, ""amazon_style_tag"": ""Best Seller""}",Aashirvaad,Aashirvaad Instant Noodles Pack Ultra White in Groceries category with marketplace-style pricing dynamics and seasonal demand shifts.,Aashirvaad Instant Noodles Pack Ultra White,G-AASH-AINP-0057,5
58,"{""rating"": 4.6, ""color"": ""Grey"", ""variant"": ""Red"", ""is_prime_eligible"": true, ""warranty_months"": 12, ""amazon_style_tag"": ""Top Rated""}",Maybelline,Maybelline Moisturizer Plus Red in Beauty category with marketplace-style pricing dynamics and seasonal demand shifts.,Maybelline Moisturizer Plus Red,B-MAYB-MMPR-0058,4
59,"{""rating"": 3.5, ""color"": ""White"", ""variant"": ""10kg"", ""is_prime_eligible"": true, ""warranty_months"": 6, ""amazon_style_tag"": ""Best Seller""}",Arihant,Arihant Aptitude Preparation Book Pro 10kg in Books category with marketplace-style pricing dynamics and seasonal demand shifts.,Arihant Aptitude Preparation Book Pro 10kg,B-ARIH-AAPB-0059,6
60,"{""rating"": 4.2, ""color"": ""Red"", ""variant"": ""10kg"", ""is_prime_eligible"": true, ""warranty_months"": 12, ""amazon_style_tag"": ""Limited Deal""}",Dettol,Dettol Detergent Powder 2kg Neo 10kg in Groceries category with marketplace-style pricing dynamics and seasonal demand shifts.,Dettol Detergent Powder 2kg Neo 10kg,G-DETT-DDP2-0060,5
61,"{""rating"": 4.2, ""color"": ""Silver"", ""variant"": ""Green"", ""is_prime_eligible"": true, ""warranty_months"": 12, ""amazon_style_tag"": ""Best Seller""}",Dove,Dove Moisturizer Lite Green in Beauty category with marketplace-style pricing dynamics and seasonal demand shifts.,Dove Moisturizer Lite Green,B-DOVE-DMLG-0061,4
62,"{""rating"": 4.4, ""color"": ""Red"", ""variant"": ""10kg"", ""is_prime_eligible"": true, ""warranty_months"": 12, ""amazon_style_tag"": ""Best Seller""}",Prestige,Prestige Storage Container Set Edge 10kg in Home & Kitchen category with marketplace-style pricing dynamics and seasonal demand shifts.,Prestige Storage Container Set Edge 10kg,H&K-PRES-PSCS-0062,2
63,"{""rating"": 3.7, ""color"": ""Silver"", ""variant"": ""Red"", ""is_prime_eligible"": true, ""warranty_months"": 12, ""amazon_style_tag"": null}",Wonderchef,Wonderchef Vacuum Flask Prime Red in Home & Kitchen category with marketplace-style pricing dynamics and seasonal demand shifts.,Wonderchef Vacuum Flask Prime Red,H&K-WOND-WVFP-0063,2
64,"{""rating"": 3.6, ""color"": ""Red"", ""variant"": ""2L"", ""is_prime_eligible"": true, ""warranty_months"": 12, ""amazon_style_tag"": ""Top Rated""}",Boat,Boat Mechanical Keyboard Edge 2L in Electronics category with marketplace-style pricing dynamics and seasonal demand shifts.,Boat Mechanical Keyboard Edge 2L,E-BOAT-BMKE-0064,1
65,"{""rating"": 4.3, ""color"": ""Silver"", ""variant"": ""Pink"", ""is_prime_eligible"": false, ""warranty_months"": 12, ""amazon_style_tag"": ""Top Rated""}",Maybelline,Maybelline Face Wash Prime Pink in Beauty category with marketplace-style pricing dynamics and seasonal demand shifts.,Maybelline Face Wash Prime Pink,B-MAYB-MFWP-0065,4
66,"{""rating"": 4.2, ""color"": ""Red"", ""variant"": ""2L"", ""is_prime_eligible"": false, ""warranty_months"": 6, ""amazon_style_tag"": ""Limited Deal""}",Philips,Philips Air Fryer Edge 2L in Home & Kitchen category with marketplace-style pricing dynamics and seasonal demand shifts.,Philips Air Fryer Edge 2L,H&K-PHIL-PAFE-0066,2
67,"{""rating"": 4.2, ""color"": ""Silver"", ""variant"": ""Red"", ""is_prime_eligible"": true, ""warranty_months"": 6, ""amazon_style_tag"": ""Best Seller""}",McGraw Hill,McGraw Hill Machine Learning Handbook Ultra Red in Books category with marketplace-style pricing dynamics and seasonal demand shifts.,McGraw Hill Machine Learning Handbook Ultra Red,B-MCGR-MHML-0067,6
68,"{""rating"": 4.2, ""color"": ""Silver"", ""variant"": ""256GB"", ""is_prime_eligible"": true, ""warranty_months"": 12, ""amazon_style_tag"": null}",Realme,Realme Fitness Band Pro 256GB in Electronics category with marketplace-style pricing dynamics and seasonal demand shifts.,Realme Fitness Band Pro 256GB,E-REAL-RFBP-0068,1
69,"{""rating"": 3.9, ""color"": ""Red"", ""variant"": ""256GB"", ""is_prime_eligible"": true, ""warranty_months"": 24, ""amazon_style_tag"": null}",Surf Excel,Surf Excel Wheat Flour 10kg Prime 256GB in Groceries category with marketplace-style pricing dynamics and seasonal demand shifts.,Surf Excel Wheat Flour 10kg Prime 256GB,G-SURF-SEWF-0069,5
70,"{""rating"": 4.2, ""color"": ""Silver"", ""variant"": ""5kg"", ""is_prime_eligible"": true, ""warranty_months"": 12, ""amazon_style_tag"": ""Recommended""}",Aashirvaad,Aashirvaad Detergent Powder 2kg Prime 5kg in Groceries category with marketplace-style pricing dynamics and seasonal demand shifts.,Aashirvaad Detergent Powder 2kg Prime 5kg,G-AASH-ADP2-0070,5
71,"{""rating"": 4.2, ""color"": ""Pink"", ""variant"": ""Red"", ""is_prime_eligible"": true, ""warranty_months"": 6, ""amazon_style_tag"": ""Limited Deal""}",Milton,Milton Induction Cooktop Air Red in Home & Kitchen category with marketplace-style pricing dynamics and seasonal demand shifts.,Milton Induction Cooktop Air Red,H&K-MILT-MICA-0071,2
72,"{""rating"": 3.8, ""color"": ""Silver"", ""variant"": ""Small"", ""is_prime_eligible"": true, ""warranty_months"": 12, ""amazon_style_tag"": null}",Puma,Puma Cricket Bat Max Small in Sports category with marketplace-style pricing dynamics and seasonal demand shifts.,Puma Cricket Bat Max Small,S-PUMA-PCBM-0072,7
73,"{""rating"": 4.8, ""color"": ""Black"", ""variant"": ""2L"", ""is_prime_eligible"": true, ""warranty_months"": 12, ""amazon_style_tag"": ""Best Seller""}",Nivia,Nivia Tennis Balls Set Edge 2L in Sports category with marketplace-style pricing dynamics and seasonal demand shifts.,Nivia Tennis Balls Set Edge 2L,S-NIVI-NTBS-0073,7
74,"{""rating"": 4.3, ""color"": ""White"", ""variant"": ""10kg"", ""is_prime_eligible"": false, ""warranty_months"": 24, ""amazon_style_tag"": ""Top Rated""}",McGraw Hill,McGraw Hill Python Programming Book Ultra 10kg in Books category with marketplace-style pricing dynamics and seasonal demand shifts.,McGraw Hill Python Programming Book Ultra 10kg,B-MCGR-MHPP-0074,6
75,"{""rating"": 3.7, ""color"": ""Silver"", ""variant"": ""Small"", ""is_prime_eligible"": false, ""warranty_months"": 12, ""amazon_style_tag"": ""Top Rated""}",Maggi,Maggi Sunflower Oil 1L Neo Small in Groceries category with marketplace-style pricing dynamics and seasonal demand shifts.,Maggi Sunflower Oil 1L Neo Small,G-MAGG-MSO1-0075,5
76,"{""rating"": 4.3, ""color"": ""White"", ""variant"": ""Black"", ""is_prime_eligible"": false, ""warranty_months"": 12, ""amazon_style_tag"": ""Limited Deal""}",Biotique,Biotique Perfume Air Black in Beauty category with marketplace-style pricing dynamics and seasonal demand shifts.,Biotique Perfume Air Black,B-BIOT-BPAB-0076,4
77,"{""rating"": 3.8, ""color"": ""White"", ""variant"": ""Grey"", ""is_prime_eligible"": true, ""warranty_months"": 12, ""amazon_style_tag"": null}",Realme,Realme Fitness Band Ultra Grey in Electronics category with marketplace-style pricing dynamics and seasonal demand shifts.,Realme Fitness Band Ultra Grey,E-REAL-RFBU-0077,1
78,"{""rating"": 4.4, ""color"": ""Pink"", ""variant"": ""Large"", ""is_prime_eligible"": false, ""warranty_months"": 24, ""amazon_style_tag"": ""Limited Deal""}",Penguin,Penguin Cyber Security Essentials Core Large in Books category with marketplace-style pricing dynamics and seasonal demand shifts.,Penguin Cyber Security Essentials Core Large,B-PENG-PCSE-0078,6
79,"{""rating"": 4.5, ""color"": ""White"", ""variant"": ""Pink"", ""is_prime_eligible"": true, ""warranty_months"": 12, ""amazon_style_tag"": null}",Fortune,Fortune Detergent Powder 2kg Pro Pink in Groceries category with marketplace-style pricing dynamics and seasonal demand shifts.,Fortune Detergent Powder 2kg Pro Pink,G-FORT-FDP2-0079,5
80,"{""rating"": 3.8, ""color"": ""White"", ""variant"": ""Green"", ""is_prime_eligible"": false, ""warranty_months"": 6, ""amazon_style_tag"": ""Top Rated""}",HP,HP Smart Watch Pro Green in Electronics category with marketplace-style pricing dynamics and seasonal demand shifts.,HP Smart Watch Pro Green,E-HP-HSWP-0080,1
81,"{""rating"": 4.4, ""color"": ""White"", ""variant"": ""42mm"", ""is_prime_eligible"": true, ""warranty_months"": 24, ""amazon_style_tag"": null}",Boat,Boat 1080p Webcam Air 42mm in Electronics category with marketplace-style pricing dynamics and seasonal demand shifts.,Boat 1080p Webcam Air 42mm,E-BOAT-B1WA-0081,1
82,"{""rating"": 4.2, ""color"": ""Green"", ""variant"": ""Small"", ""is_prime_eligible"": false, ""warranty_months"": 6, ""amazon_style_tag"": ""Limited Deal""}",Milton,Milton Induction Cooktop Neo Small in Home & Kitchen category with marketplace-style pricing dynamics and seasonal demand shifts.,Milton Induction Cooktop Neo Small,H&K-MILT-MICN-0082,2
83,"{""rating"": 4.4, ""color"": ""Grey"", ""variant"": ""Black"", ""is_prime_eligible"": true, ""warranty_months"": 6, ""amazon_style_tag"": ""Limited Deal""}",Nivea,Nivea Body Lotion Max Black in Beauty category with marketplace-style pricing dynamics and seasonal demand shifts.,Nivea Body Lotion Max Black,B-NIVE-NBLM-0083,4
84,"{""rating"": 4.8, ""color"": ""Blue"", ""variant"": ""10kg"", ""is_prime_eligible"": true, ""warranty_months"": 24, ""amazon_style_tag"": ""Limited Deal""}",Mamaearth,Mamaearth Face Serum Pro 10kg in Beauty category with marketplace-style pricing dynamics and seasonal demand shifts.,Mamaearth Face Serum Pro 10kg,B-MAMA-MFSP-0084,4
85,"{""rating"": 4.0, ""color"": ""Green"", ""variant"": ""5kg"", ""is_prime_eligible"": true, ""warranty_months"": 24, ""amazon_style_tag"": ""Limited Deal""}",Dettol,Dettol Basmati Rice 5kg Core 5kg in Groceries category with marketplace-style pricing dynamics and seasonal demand shifts.,Dettol Basmati Rice 5kg Core 5kg,G-DETT-DBR5-0085,5
86,"{""rating"": 3.8, ""color"": ""White"", ""variant"": ""Silver"", ""is_prime_eligible"": true, ""warranty_months"": 24, ""amazon_style_tag"": ""Limited Deal""}",Puma,Puma Tennis Balls Set Prime Silver in Sports category with marketplace-style pricing dynamics and seasonal demand shifts.,Puma Tennis Balls Set Prime Silver,S-PUMA-PTBS-0086,7
87,"{""rating"": 3.8, ""color"": ""Red"", ""variant"": ""10kg"", ""is_prime_eligible"": true, ""warranty_months"": 6, ""amazon_style_tag"": ""Best Seller""}",Yonex,Yonex Skipping Rope Air 10kg in Sports category with marketplace-style pricing dynamics and seasonal demand shifts.,Yonex Skipping Rope Air 10kg,S-YONE-YSRA-0087,7
88,"{""rating"": 3.8, ""color"": ""Silver"", ""variant"": ""Black"", ""is_prime_eligible"": true, ""warranty_months"": 24, ""amazon_style_tag"": ""Top Rated""}",Dettol,Dettol Sunflower Oil 1L Neo Black in Groceries category with marketplace-style pricing dynamics and seasonal demand shifts.,Dettol Sunflower Oil 1L Neo Black,G-DETT-DSO1-0088,5
89,"{""rating"": 4.1, ""color"": ""Grey"", ""variant"": ""Small"", ""is_prime_eligible"": true, ""warranty_months"": 12, ""amazon_style_tag"": ""Recommended""}",Sony,Sony Gaming Mouse Air Small in Electronics category with marketplace-style pricing dynamics and seasonal demand shifts.,Sony Gaming Mouse Air Small,E-SONY-SGMA-0089,1
90,"{""rating"": 4.2, ""color"": ""White"", ""variant"": ""10kg"", ""is_prime_eligible"": true, ""warranty_months"": 24, ""amazon_style_tag"": ""Top Rated""}",Cosco,Cosco Tennis Balls Set Neo 10kg in Sports category with marketplace-style pricing dynamics and seasonal demand shifts.,Cosco Tennis Balls Set Neo 10kg,S-COSC-CTBS-0090,7
91,"{""rating"": 4.2, ""color"": ""Pink"", ""variant"": ""Silver"", ""is_prime_eligible"": true, ""warranty_months"": 6, ""amazon_style_tag"": ""Limited Deal""}",US Polo,US Polo Sneakers Lite Silver in Fashion category with marketplace-style pricing dynamics and seasonal demand shifts.,US Polo Sneakers Lite Silver,F-USPO-UPSL-0091,3
92,"{""rating"": 4.4, ""color"": ""Grey"", ""variant"": ""Blue"", ""is_prime_eligible"": true, ""warranty_months"": 6, ""amazon_style_tag"": ""Limited Deal""}",Surf Excel,Surf Excel Toor Dal 1kg Neo Blue in Groceries category with marketplace-style pricing dynamics and seasonal demand shifts.,Surf Excel Toor Dal 1kg Neo Blue,G-SURF-SETD-0092,5
93,"{""rating"": 4.1, ""color"": ""Silver"", ""variant"": ""White"", ""is_prime_eligible"": true, ""warranty_months"": 6, ""amazon_style_tag"": null}",Mamaearth,Mamaearth Beard Trimmer Max White in Beauty category with marketplace-style pricing dynamics and seasonal demand shifts.,Mamaearth Beard Trimmer Max White,B-MAMA-MBTM-0093,4
94,"{""rating"": 4.6, ""color"": ""Black"", ""variant"": ""5kg"", ""is_prime_eligible"": true, ""warranty_months"": 24, ""amazon_style_tag"": ""Recommended""}",OnePlus,OnePlus Wireless Mouse Core 5kg in Electronics category with marketplace-style pricing dynamics and seasonal demand shifts.,OnePlus Wireless Mouse Core 5kg,E-ONEP-OWMC-0094,1
95,"{""rating"": 4.0, ""color"": ""Black"", ""variant"": ""Medium"", ""is_prime_eligible"": true, ""warranty_months"": 12, ""amazon_style_tag"": ""Best Seller""}",Boat,Boat Tablet Cover Neo Medium in Electronics category with marketplace-style pricing dynamics and seasonal demand shifts.,Boat Tablet Cover Neo Medium,E-BOAT-BTCN-0095,1
96,"{""rating"": 4.9, ""color"": ""Grey"", ""variant"": ""White"", ""is_prime_eligible"": true, ""warranty_months"": 24, ""amazon_style_tag"": ""Recommended""}",Adidas,Adidas Men's Casual Shirt Lite White in Fashion category with marketplace-style pricing dynamics and seasonal demand shifts.,Adidas Men's Casual Shirt Lite White,F-ADID-AMCS-0096,3
97,"{""rating"": 4.3, ""color"": ""Red"", ""variant"": ""White"", ""is_prime_eligible"": true, ""warranty_months"": 12, ""amazon_style_tag"": ""Top Rated""}",Fortune,Fortune Coffee Jar Pro White in Groceries category with marketplace-style pricing dynamics and seasonal demand shifts.,Fortune Coffee Jar Pro White,G-FORT-FCJP-0097,5
98,"{""rating"": 3.8, ""color"": ""White"", ""variant"": ""Black"", ""is_prime_eligible"": false, ""warranty_months"": 6, ""amazon_style_tag"": null}",Cello,Cello Air Fryer Core Black in Home & Kitchen category with marketplace-style pricing dynamics and seasonal demand shifts.,Cello Air Fryer Core Black,H&K-CELL-CAFC-0098,2
99,"{""rating"": 3.7, ""color"": ""Red"", ""variant"": ""Silver"", ""is_prime_eligible"": true, ""warranty_months"": 24, ""amazon_style_tag"": ""Recommended""}",Realme,Realme Power Bank Prime Silver in Electronics category with marketplace-style pricing dynamics and seasonal demand shifts.,Realme Power Bank Prime Silver,E-REAL-RPBP-0099,1
100,"{""rating"": 4.3, ""color"": ""Pink"", ""variant"": ""2L"", ""is_prime_eligible"": true, ""warranty_months"": 24, ""amazon_style_tag"": ""Best Seller""}",Surf Excel,Surf Excel Green Tea Pack Prime 2L in Groceries category with marketplace-style pricing dynamics and seasonal demand shifts.,Surf Excel Green Tea Pack Prime 2L,G-SURF-SEGT-0100,5
101,"{""rating"": 4.0, ""color"": ""Grey"", ""variant"": ""Pink"", ""is_prime_eligible"": true, ""warranty_months"": 6, ""amazon_style_tag"": ""Top Rated""}",Puma,Puma Sneakers Plus Pink in Fashion category with marketplace-style pricing dynamics and seasonal demand shifts.,Puma Sneakers Plus Pink,F-PUMA-PSPP-0101,3
102,"{""rating"": 4.3, ""color"": ""White"", ""variant"": ""Large"", ""is_prime_eligible"": false, ""warranty_months"": 12, ""amazon_style_tag"": ""Top Rated""}",Butterfly,Butterfly Electric Kettle Core Large in Home & Kitchen category with marketplace-style pricing dynamics and seasonal demand shifts.,Butterfly Electric Kettle Core Large,H&K-BUTT-BEKC-0102,2
103,"{""rating"": 4.3, ""color"": ""Silver"", ""variant"": ""42mm"", ""is_prime_eligible"": true, ""warranty_months"": 12, ""amazon_style_tag"": ""Top Rated""}",Butterfly,Butterfly Water Bottle Plus 42mm in Home & Kitchen category with marketplace-style pricing dynamics and seasonal demand shifts.,Butterfly Water Bottle Plus 42mm,H&K-BUTT-BWBP-0103,2
104,"{""rating"": 4.1, ""color"": ""Blue"", ""variant"": ""128GB"", ""is_prime_eligible"": true, ""warranty_months"": 6, ""amazon_style_tag"": ""Recommended""}",Cello,Cello Lunch Box Plus 128GB in Home & Kitchen category with marketplace-style pricing dynamics and seasonal demand shifts.,Cello Lunch Box Plus 128GB,H&K-CELL-CLBP-0104,2
105,"{""rating"": 3.8, ""color"": ""Green"", ""variant"": ""42mm"", ""is_prime_eligible"": false, ""warranty_months"": 12, ""amazon_style_tag"": ""Recommended""}",Aashirvaad,Aashirvaad Coffee Jar Pro 42mm in Groceries category with marketplace-style pricing dynamics and seasonal demand shifts.,Aashirvaad Coffee Jar Pro 42mm,G-AASH-ACJP-0105,5
106,"{""rating"": 3.6, ""color"": ""Grey"", ""variant"": ""Red"", ""is_prime_eligible"": false, ""warranty_months"": 6, ""amazon_style_tag"": null}",Butterfly,Butterfly Knife Set Plus Red in Home & Kitchen category with marketplace-style pricing dynamics and seasonal demand shifts.,Butterfly Knife Set Plus Red,H&K-BUTT-BKSP-0106,2
107,"{""rating"": 3.9, ""color"": ""Pink"", ""variant"": ""Silver"", ""is_prime_eligible"": true, ""warranty_months"": 6, ""amazon_style_tag"": ""Best Seller""}",Roadster,Roadster Slim Fit Jeans Edge Silver in Fashion category with marketplace-style pricing dynamics and seasonal demand shifts.,Roadster Slim Fit Jeans Edge Silver,F-ROAD-RSFJ-0107,3
108,"{""rating"": 4.4, ""color"": ""Green"", ""variant"": ""Silver"", ""is_prime_eligible"": true, ""warranty_months"": 12, ""amazon_style_tag"": null}",HarperCollins,HarperCollins DBMS Interview Guide Air Silver in Books category with marketplace-style pricing dynamics and seasonal demand shifts.,HarperCollins DBMS Interview Guide Air Silver,B-HARP-HDIG-0108,6
109,"{""rating"": 4.2, ""color"": ""White"", ""variant"": ""Large"", ""is_prime_eligible"": false, ""warranty_months"": 24, ""amazon_style_tag"": ""Limited Deal""}",Adidas,Adidas Leather Wallet Edge Large in Fashion category with marketplace-style pricing dynamics and seasonal demand shifts.,Adidas Leather Wallet Edge Large,F-ADID-ALWE-0109,3
110,"{""rating"": 3.7, ""color"": ""Pink"", ""variant"": ""256GB"", ""is_prime_eligible"": true, ""warranty_months"": 12, ""amazon_style_tag"": null}",Dove,Dove Hair Oil Prime 256GB in Beauty category with marketplace-style pricing dynamics and seasonal demand shifts.,Dove Hair Oil Prime 256GB,B-DOVE-DHOP-0110,4
111,"{""rating"": 4.2, ""color"": ""Grey"", ""variant"": ""Pink"", ""is_prime_eligible"": false, ""warranty_months"": 12, ""amazon_style_tag"": ""Limited Deal""}",HarperCollins,HarperCollins Machine Learning Handbook Ultra Pink in Books category with marketplace-style pricing dynamics and seasonal demand shifts.,HarperCollins Machine Learning Handbook Ultra Pink,B-HARP-HMLH-0111,6
112,"{""rating"": 4.2, ""color"": ""Grey"", ""variant"": ""Black"", ""is_prime_eligible"": false, ""warranty_months"": 12, ""amazon_style_tag"": null}",Adidas,Adidas Yoga Mat Edge Black in Sports category with marketplace-style pricing dynamics and seasonal demand shifts.,Adidas Yoga Mat Edge Black,S-ADID-AYME-0112,7
113,"{""rating"": 3.8, ""color"": ""Black"", ""variant"": ""Medium"", ""is_prime_eligible"": false, ""warranty_months"": 6, ""amazon_style_tag"": ""Limited Deal""}",Maggi,Maggi Toor Dal 1kg Edge Medium in Groceries category with marketplace-style pricing dynamics and seasonal demand shifts.,Maggi Toor Dal 1kg Edge Medium,G-MAGG-MTD1-0113,5
114,"{""rating"": 4.2, ""color"": ""Blue"", ""variant"": ""42mm"", ""is_prime_eligible"": false, ""warranty_months"": 12, ""amazon_style_tag"": ""Top Rated""}",Boat,Boat Tablet Cover Ultra 42mm in Electronics category with marketplace-style pricing dynamics and seasonal demand shifts.,Boat Tablet Cover Ultra 42mm,E-BOAT-BTCU-0114,1
115,"{""rating"": 4.1, ""color"": ""Black"", ""variant"": ""Small"", ""is_prime_eligible"": false, ""warranty_months"": 6, ""amazon_style_tag"": ""Top Rated""}",US Polo,US Polo Formal Belt Neo Small in Fashion category with marketplace-style pricing dynamics and seasonal demand shifts.,US Polo Formal Belt Neo Small,F-USPO-UPFB-0115,3
116,"{""rating"": 3.7, ""color"": ""Red"", ""variant"": ""10kg"", ""is_prime_eligible"": true, ""warranty_months"": 12, ""amazon_style_tag"": null}",Adidas,Adidas Dumbbell Pair Plus 10kg in Sports category with marketplace-style pricing dynamics and seasonal demand shifts.,Adidas Dumbbell Pair Plus 10kg,S-ADID-ADPP-0116,7
117,"{""rating"": 4.2, ""color"": ""Red"", ""variant"": ""256GB"", ""is_prime_eligible"": false, ""warranty_months"": 12, ""amazon_style_tag"": ""Limited Deal""}",Biotique,Biotique Perfume Max 256GB in Beauty category with marketplace-style pricing dynamics and seasonal demand shifts.,Biotique Perfume Max 256GB,B-BIOT-BPM2-0117,4
118,"{""rating"": 4.3, ""color"": ""Blue"", ""variant"": ""256GB"", ""is_prime_eligible"": true, ""warranty_months"": 12, ""amazon_style_tag"": ""Limited Deal""}",Pearson,Pearson DBMS Interview Guide Air 256GB in Books category with marketplace-style pricing dynamics and seasonal demand shifts.,Pearson DBMS Interview Guide Air 256GB,B-PEAR-PDIG-0118,6
119,"{""rating"": 4.5, ""color"": ""Pink"", ""variant"": ""256GB"", ""is_prime_eligible"": true, ""warranty_months"": 24, ""amazon_style_tag"": ""Recommended""}",US Polo,US Polo Leather Wallet Ultra 256GB in Fashion category with marketplace-style pricing dynamics and seasonal demand shifts.,US Polo Leather Wallet Ultra 256GB,F-USPO-UPLW-0119,3
120,"{""rating"": 4.5, ""color"": ""Red"", ""variant"": ""Pink"", ""is_prime_eligible"": true, ""warranty_months"": 12, ""amazon_style_tag"": ""Limited Deal""}",Milton,Milton Mixer Grinder Lite Pink in Home & Kitchen category with marketplace-style pricing dynamics and seasonal demand shifts.,Milton Mixer Grinder Lite Pink,H&K-MILT-MMGL-0120,2
121,"{""rating"": 3.6, ""color"": ""Black"", ""variant"": ""42mm"", ""is_prime_eligible"": true, ""warranty_months"": 24, ""amazon_style_tag"": null}",Lakme,Lakme Shampoo Max 42mm in Beauty category with marketplace-style pricing dynamics and seasonal demand shifts.,Lakme Shampoo Max 42mm,B-LAKM-LSM4-0121,4
122,"{""rating"": 3.8, ""color"": ""Grey"", ""variant"": ""Red"", ""is_prime_eligible"": true, ""warranty_months"": 12, ""amazon_style_tag"": ""Limited Deal""}",Yonex,Yonex Football Ultra Red in Sports category with marketplace-style pricing dynamics and seasonal demand shifts.,Yonex Football Ultra Red,S-YONE-YFUR-0122,7
123,"{""rating"": 4.3, ""color"": ""White"", ""variant"": ""Red"", ""is_prime_eligible"": true, ""warranty_months"": 6, ""amazon_style_tag"": ""Top Rated""}",Pearson,Pearson Cloud Computing Basics Lite Red in Books category with marketplace-style pricing dynamics and seasonal demand shifts.,Pearson Cloud Computing Basics Lite Red,B-PEAR-PCCB-0123,6
124,"{""rating"": 4.3, ""color"": ""Red"", ""variant"": ""10kg"", ""is_prime_eligible"": false, ""warranty_months"": 12, ""amazon_style_tag"": null}",Nivia,Nivia Resistance Bands Edge 10kg in Sports category with marketplace-style pricing dynamics and seasonal demand shifts.,Nivia Resistance Bands Edge 10kg,S-NIVI-NRBE-0124,7
125,"{""rating"": 4.3, ""color"": ""Red"", ""variant"": ""5kg"", ""is_prime_eligible"": true, ""warranty_months"": 24, ""amazon_style_tag"": null}",Wonderchef,Wonderchef Induction Cooktop Core 5kg in Home & Kitchen category with marketplace-style pricing dynamics and seasonal demand shifts.,Wonderchef Induction Cooktop Core 5kg,H&K-WOND-WICC-0125,2
126,"{""rating"": 4.9, ""color"": ""Red"", ""variant"": ""128GB"", ""is_prime_eligible"": true, ""warranty_months"": 12, ""amazon_style_tag"": ""Best Seller""}",Pigeon,Pigeon Air Fryer Ultra 128GB in Home & Kitchen category with marketplace-style pricing dynamics and seasonal demand shifts.,Pigeon Air Fryer Ultra 128GB,H&K-PIGE-PAFU-0126,2
127,"{""rating"": 4.3, ""color"": ""Pink"", ""variant"": ""128GB"", ""is_prime_eligible"": true, ""warranty_months"": 24, ""amazon_style_tag"": ""Recommended""}",Realme,Realme Tablet Cover Lite 128GB in Electronics category with marketplace-style pricing dynamics and seasonal demand shifts.,Realme Tablet Cover Lite 128GB,E-REAL-RTCL-0127,1
128,"{""rating"": 4.5, ""color"": ""Green"", ""variant"": ""Pink"", ""is_prime_eligible"": true, ""warranty_months"": 24, ""amazon_style_tag"": null}",Levi's,Levi's Sneakers Ultra Pink in Fashion category with marketplace-style pricing dynamics and seasonal demand shifts.,Levi's Sneakers Ultra Pink,F-LEVI-LSUP-0128,3
129,"{""rating"": 4.4, ""color"": ""Grey"", ""variant"": ""256GB"", ""is_prime_eligible"": true, ""warranty_months"": 12, ""amazon_style_tag"": ""Best Seller""}",Nivea,Nivea Lipstick Lite 256GB in Beauty category with marketplace-style pricing dynamics and seasonal demand shifts.,Nivea Lipstick Lite 256GB,B-NIVE-NLL2-0129,4
130,"{""rating"": 4.3, ""color"": ""Red"", ""variant"": ""Small"", ""is_prime_eligible"": false, ""warranty_months"": 12, ""amazon_style_tag"": ""Best Seller""}",Dove,Dove Lipstick Neo Small in Beauty category with marketplace-style pricing dynamics and seasonal demand shifts.,Dove Lipstick Neo Small,B-DOVE-DLNS-0130,4
131,"{""rating"": 4.0, ""color"": ""Pink"", ""variant"": ""2L"", ""is_prime_eligible"": true, ""warranty_months"": 24, ""amazon_style_tag"": ""Limited Deal""}",Milton,Milton Cookware Set Max 2L in Home & Kitchen category with marketplace-style pricing dynamics and seasonal demand shifts.,Milton Cookware Set Max 2L,H&K-MILT-MCSM-0131,2
132,"{""rating"": 4.4, ""color"": ""White"", ""variant"": ""10kg"", ""is_prime_eligible"": true, ""warranty_months"": 12, ""amazon_style_tag"": ""Top Rated""}",Levi's,Levi's Slim Fit Jeans Pro 10kg in Fashion category with marketplace-style pricing dynamics and seasonal demand shifts.,Levi's Slim Fit Jeans Pro 10kg,F-LEVI-LSFJ-0132,3
133,"{""rating"": 3.8, ""color"": ""Black"", ""variant"": ""White"", ""is_prime_eligible"": false, ""warranty_months"": 12, ""amazon_style_tag"": ""Top Rated""}",Wonderchef,Wonderchef Mixer Grinder Plus White in Home & Kitchen category with marketplace-style pricing dynamics and seasonal demand shifts.,Wonderchef Mixer Grinder Plus White,H&K-WOND-WMGP-0133,2
134,"{""rating"": 4.0, ""color"": ""Black"", ""variant"": ""2L"", ""is_prime_eligible"": true, ""warranty_months"": 6, ""amazon_style_tag"": ""Limited Deal""}",L'Oreal,L'Oreal Perfume Prime 2L in Beauty category with marketplace-style pricing dynamics and seasonal demand shifts.,L'Oreal Perfume Prime 2L,B-LORE-LPP2-0134,4
135,"{""rating"": 3.9, ""color"": ""Pink"", ""variant"": ""White"", ""is_prime_eligible"": true, ""warranty_months"": 12, ""amazon_style_tag"": ""Top Rated""}",Noise,Noise Smartphone Case Core White in Electronics category with marketplace-style pricing dynamics and seasonal demand shifts.,Noise Smartphone Case Core White,E-NOIS-NSCC-0135,1
136,"{""rating"": 4.1, ""color"": ""Pink"", ""variant"": ""Pink"", ""is_prime_eligible"": true, ""warranty_months"": 6, ""amazon_style_tag"": ""Limited Deal""}",Puma,Puma Badminton Racket Max Pink in Sports category with marketplace-style pricing dynamics and seasonal demand shifts.,Puma Badminton Racket Max Pink,S-PUMA-PBRM-0136,7
137,"{""rating"": 4.9, ""color"": ""Grey"", ""variant"": ""Grey"", ""is_prime_eligible"": true, ""warranty_months"": 12, ""amazon_style_tag"": ""Limited Deal""}",Dove,Dove Shampoo Neo Grey in Beauty category with marketplace-style pricing dynamics and seasonal demand shifts.,Dove Shampoo Neo Grey,B-DOVE-DSNG-0137,4
138,"{""rating"": 3.4, ""color"": ""Red"", ""variant"": ""5kg"", ""is_prime_eligible"": false, ""warranty_months"": 12, ""amazon_style_tag"": ""Limited Deal""}",Arihant,Arihant Data Structures Guide Neo 5kg in Books category with marketplace-style pricing dynamics and seasonal demand shifts.,Arihant Data Structures Guide Neo 5kg,B-ARIH-ADSG-0138,6
139,"{""rating"": 4.3, ""color"": ""Green"", ""variant"": ""Pink"", ""is_prime_eligible"": true, ""warranty_months"": 12, ""amazon_style_tag"": ""Top Rated""}",Levi's,Levi's Cotton T-Shirt Max Pink in Fashion category with marketplace-style pricing dynamics and seasonal demand shifts.,Levi's Cotton T-Shirt Max Pink,F-LEVI-LCTM-0139,3
140,"{""rating"": 3.5, ""color"": ""Pink"", ""variant"": ""Black"", ""is_prime_eligible"": true, ""warranty_months"": 12, ""amazon_style_tag"": ""Best Seller""}",Aashirvaad,Aashirvaad Detergent Powder 2kg Plus Black in Groceries category with marketplace-style pricing dynamics and seasonal demand shifts.,Aashirvaad Detergent Powder 2kg Plus Black,G-AASH-ADP2-0140,5
141,"{""rating"": 3.9, ""color"": ""Black"", ""variant"": ""Large"", ""is_prime_eligible"": true, ""warranty_months"": 12, ""amazon_style_tag"": ""Limited Deal""}",Milton,Milton Air Fryer Max Large in Home & Kitchen category with marketplace-style pricing dynamics and seasonal demand shifts.,Milton Air Fryer Max Large,H&K-MILT-MAFM-0141,2
142,"{""rating"": 4.5, ""color"": ""Green"", ""variant"": ""42mm"", ""is_prime_eligible"": true, ""warranty_months"": 24, ""amazon_style_tag"": ""Limited Deal""}",McGraw Hill,McGraw Hill Machine Learning Handbook Lite 42mm in Books category with marketplace-style pricing dynamics and seasonal demand shifts.,McGraw Hill Machine Learning Handbook Lite 42mm,B-MCGR-MHML-0142,6
143,"{""rating"": 4.1, ""color"": ""Pink"", ""variant"": ""Small"", ""is_prime_eligible"": false, ""warranty_months"": 12, ""amazon_style_tag"": null}",OnePlus,OnePlus Mechanical Keyboard Lite Small in Electronics category with marketplace-style pricing dynamics and seasonal demand shifts.,OnePlus Mechanical Keyboard Lite Small,E-ONEP-OMKL-0143,1
144,"{""rating"": 3.7, ""color"": ""Green"", ""variant"": ""Green"", ""is_prime_eligible"": true, ""warranty_months"": 24, ""amazon_style_tag"": ""Top Rated""}",O'Reilly,O'Reilly Cyber Security Essentials Air Green in Books category with marketplace-style pricing dynamics and seasonal demand shifts.,O'Reilly Cyber Security Essentials Air Green,B-OREI-OCSE-0144,6
145,"{""rating"": 3.8, ""color"": ""White"", ""variant"": ""Green"", ""is_prime_eligible"": false, ""warranty_months"": 12, ""amazon_style_tag"": ""Top Rated""}",Decathlon,Decathlon Dumbbell Pair Neo Green in Sports category with marketplace-style pricing dynamics and seasonal demand shifts.,Decathlon Dumbbell Pair Neo Green,S-DECA-DDPN-0145,7
146,"{""rating"": 4.3, ""color"": ""White"", ""variant"": ""5kg"", ""is_prime_eligible"": true, ""warranty_months"": 12, ""amazon_style_tag"": null}",Tata,Tata Biscuits Family Pack Pro 5kg in Groceries category with marketplace-style pricing dynamics and seasonal demand shifts.,Tata Biscuits Family Pack Pro 5kg,G-TATA-TBFP-0146,5
147,"{""rating"": 3.8, ""color"": ""Pink"", ""variant"": ""256GB"", ""is_prime_eligible"": true, ""warranty_months"": 12, ""amazon_style_tag"": ""Top Rated""}",Philips,Philips Electric Kettle Neo 256GB in Home & Kitchen category with marketplace-style pricing dynamics and seasonal demand shifts.,Philips Electric Kettle Neo 256GB,H&K-PHIL-PEKN-0147,2
148,"{""rating"": 4.2, ""color"": ""Blue"", ""variant"": ""Silver"", ""is_prime_eligible"": true, ""warranty_months"": 12, ""amazon_style_tag"": ""Limited Deal""}",Dove,Dove Hair Oil Max Silver in Beauty category with marketplace-style pricing dynamics and seasonal demand shifts.,Dove Hair Oil Max Silver,B-DOVE-DHOM-0148,4
149,"{""rating"": 4.1, ""color"": ""Blue"", ""variant"": ""42mm"", ""is_prime_eligible"": true, ""warranty_months"": 24, ""amazon_style_tag"": ""Recommended""}",Yonex,Yonex Cricket Bat Max 42mm in Sports category with marketplace-style pricing dynamics and seasonal demand shifts.,Yonex Cricket Bat Max 42mm,S-YONE-YCBM-0149,7
150,"{""rating"": 3.9, ""color"": ""Silver"", ""variant"": ""Blue"", ""is_prime_eligible"": true, ""warranty_months"": 6, ""amazon_style_tag"": ""Limited Deal""}",Dettol,Dettol Peanut Butter Ultra Blue in Groceries category with marketplace-style pricing dynamics and seasonal demand shifts.,Dettol Peanut Butter Ultra Blue,G-DETT-DPBU-0150,5
151,"{""rating"": 4.9, ""color"": ""Grey"", ""variant"": ""Blue"", ""is_prime_eligible"": true, ""warranty_months"": 6, ""amazon_style_tag"": null}",O'Reilly,O'Reilly Machine Learning Handbook Edge Blue in Books category with marketplace-style pricing dynamics and seasonal demand shifts.,O'Reilly Machine Learning Handbook Edge Blue,B-OREI-OMLH-0151,6
152,"{""rating"": 4.3, ""color"": ""Blue"", ""variant"": ""White"", ""is_prime_eligible"": true, ""warranty_months"": 12, ""amazon_style_tag"": null}",Levi's,Levi's Women's Running Shoes Ultra White in Fashion category with marketplace-style pricing dynamics and seasonal demand shifts.,Levi's Women's Running Shoes Ultra White,F-LEVI-LWRS-0152,3
153,"{""rating"": 3.4, ""color"": ""White"", ""variant"": ""Pink"", ""is_prime_eligible"": false, ""warranty_months"": 6, ""amazon_style_tag"": null}",Maybelline,Maybelline Lipstick Neo Pink in Beauty category with marketplace-style pricing dynamics and seasonal demand shifts.,Maybelline Lipstick Neo Pink,B-MAYB-MLNP-0153,4
154,"{""rating"": 4.2, ""color"": ""Grey"", ""variant"": ""Green"", ""is_prime_eligible"": true, ""warranty_months"": 12, ""amazon_style_tag"": null}",Zara,Zara Sneakers Max Green in Fashion category with marketplace-style pricing dynamics and seasonal demand shifts.,Zara Sneakers Max Green,F-ZARA-ZSMG-0154,3
155,"{""rating"": 3.9, ""color"": ""Green"", ""variant"": ""10kg"", ""is_prime_eligible"": false, ""warranty_months"": 24, ""amazon_style_tag"": ""Top Rated""}",Surf Excel,Surf Excel Toor Dal 1kg Prime 10kg in Groceries category with marketplace-style pricing dynamics and seasonal demand shifts.,Surf Excel Toor Dal 1kg Prime 10kg,G-SURF-SETD-0155,5
156,"{""rating"": 4.4, ""color"": ""Red"", ""variant"": ""Grey"", ""is_prime_eligible"": true, ""warranty_months"": 24, ""amazon_style_tag"": ""Recommended""}",Fortune,Fortune Peanut Butter Neo Grey in Groceries category with marketplace-style pricing dynamics and seasonal demand shifts.,Fortune Peanut Butter Neo Grey,G-FORT-FPBN-0156,5
157,"{""rating"": 3.8, ""color"": ""White"", ""variant"": ""Black"", ""is_prime_eligible"": true, ""warranty_months"": 6, ""amazon_style_tag"": ""Top Rated""}",Lakme,Lakme Face Wash Ultra Black in Beauty category with marketplace-style pricing dynamics and seasonal demand shifts.,Lakme Face Wash Ultra Black,B-LAKM-LFWU-0157,4
158,"{""rating"": 4.1, ""color"": ""White"", ""variant"": ""Small"", ""is_prime_eligible"": true, ""warranty_months"": 6, ""amazon_style_tag"": ""Recommended""}",Cello,Cello Vacuum Flask Pro Small in Home & Kitchen category with marketplace-style pricing dynamics and seasonal demand shifts.,Cello Vacuum Flask Pro Small,H&K-CELL-CVFP-0158,2
159,"{""rating"": 4.3, ""color"": ""Silver"", ""variant"": ""128GB"", ""is_prime_eligible"": true, ""warranty_months"": 12, ""amazon_style_tag"": ""Best Seller""}",Nike,Nike Slim Fit Jeans Ultra 128GB in Fashion category with marketplace-style pricing dynamics and seasonal demand shifts.,Nike Slim Fit Jeans Ultra 128GB,F-NIKE-NSFJ-0159,3
160,"{""rating"": 4.4, ""color"": ""Pink"", ""variant"": ""White"", ""is_prime_eligible"": true, ""warranty_months"": 24, ""amazon_style_tag"": null}",Surf Excel,Surf Excel Peanut Butter Plus White in Groceries category with marketplace-style pricing dynamics and seasonal demand shifts.,Surf Excel Peanut Butter Plus White,G-SURF-SEPB-0160,5
161,"{""rating"": 3.7, ""color"": ""Grey"", ""variant"": ""Blue"", ""is_prime_eligible"": true, ""warranty_months"": 6, ""amazon_style_tag"": ""Top Rated""}",Yonex,Yonex Dumbbell Pair Ultra Blue in Sports category with marketplace-style pricing dynamics and seasonal demand shifts.,Yonex Dumbbell Pair Ultra Blue,S-YONE-YDPU-0161,7
162,"{""rating"": 4.0, ""color"": ""Grey"", ""variant"": ""Pink"", ""is_prime_eligible"": true, ""warranty_months"": 12, ""amazon_style_tag"": null}",Roadster,Roadster Sneakers Max Pink in Fashion category with marketplace-style pricing dynamics and seasonal demand shifts.,Roadster Sneakers Max Pink,F-ROAD-RSMP-0162,3
163,"{""rating"": 3.9, ""color"": ""Silver"", ""variant"": ""Red"", ""is_prime_eligible"": true, ""warranty_months"": 6, ""amazon_style_tag"": ""Recommended""}",JBL,JBL Portable SSD Air Red in Electronics category with marketplace-style pricing dynamics and seasonal demand shifts.,JBL Portable SSD Air Red,E-JBL-JPSA-0163,1
164,"{""rating"": 3.9, ""color"": ""Silver"", ""variant"": ""5kg"", ""is_prime_eligible"": false, ""warranty_months"": 12, ""amazon_style_tag"": ""Recommended""}",Biotique,Biotique Face Serum Air 5kg in Beauty category with marketplace-style pricing dynamics and seasonal demand shifts.,Biotique Face Serum Air 5kg,B-BIOT-BFSA-0164,4
165,"{""rating"": 4.7, ""color"": ""Black"", ""variant"": ""42mm"", ""is_prime_eligible"": false, ""warranty_months"": 12, ""amazon_style_tag"": ""Best Seller""}",Milton,Milton Vacuum Flask Max 42mm in Home & Kitchen category with marketplace-style pricing dynamics and seasonal demand shifts.,Milton Vacuum Flask Max 42mm,H&K-MILT-MVFM-0165,2
166,"{""rating"": 4.2, ""color"": ""Silver"", ""variant"": ""Red"", ""is_prime_eligible"": false, ""warranty_months"": 24, ""amazon_style_tag"": null}",Mamaearth,Mamaearth Beard Trimmer Lite Red in Beauty category with marketplace-style pricing dynamics and seasonal demand shifts.,Mamaearth Beard Trimmer Lite Red,B-MAMA-MBTL-0166,4
167,"{""rating"": 3.7, ""color"": ""Grey"", ""variant"": ""Small"", ""is_prime_eligible"": true, ""warranty_months"": 6, ""amazon_style_tag"": ""Best Seller""}",Cello,Cello Lunch Box Max Small in Home & Kitchen category with marketplace-style pricing dynamics and seasonal demand shifts.,Cello Lunch Box Max Small,H&K-CELL-CLBM-0167,2
168,"{""rating"": 4.4, ""color"": ""Green"", ""variant"": ""128GB"", ""is_prime_eligible"": true, ""warranty_months"": 6, ""amazon_style_tag"": ""Top Rated""}",O'Reilly,O'Reilly DBMS Interview Guide Prime 128GB in Books category with marketplace-style pricing dynamics and seasonal demand shifts.,O'Reilly DBMS Interview Guide Prime 128GB,B-OREI-ODIG-0168,6
169,"{""rating"": 4.8, ""color"": ""Black"", ""variant"": ""Red"", ""is_prime_eligible"": true, ""warranty_months"": 12, ""amazon_style_tag"": ""Top Rated""}",Philips,Philips Induction Cooktop Edge Red in Home & Kitchen category with marketplace-style pricing dynamics and seasonal demand shifts.,Philips Induction Cooktop Edge Red,H&K-PHIL-PICE-0169,2
170,"{""rating"": 4.5, ""color"": ""White"", ""variant"": ""Pink"", ""is_prime_eligible"": true, ""warranty_months"": 6, ""amazon_style_tag"": ""Top Rated""}",Pigeon,Pigeon Electric Kettle Pro Pink in Home & Kitchen category with marketplace-style pricing dynamics and seasonal demand shifts.,Pigeon Electric Kettle Pro Pink,H&K-PIGE-PEKP-0170,2
171,"{""rating"": 3.6, ""color"": ""Green"", ""variant"": ""42mm"", ""is_prime_eligible"": true, ""warranty_months"": 12, ""amazon_style_tag"": ""Limited Deal""}",Penguin,Penguin Python Programming Book Edge 42mm in Books category with marketplace-style pricing dynamics and seasonal demand shifts.,Penguin Python Programming Book Edge 42mm,B-PENG-PPPB-0171,6
172,"{""rating"": 3.9, ""color"": ""White"", ""variant"": ""42mm"", ""is_prime_eligible"": true, ""warranty_months"": 24, ""amazon_style_tag"": null}",Dettol,Dettol Instant Noodles Pack Neo 42mm in Groceries category with marketplace-style pricing dynamics and seasonal demand shifts.,Dettol Instant Noodles Pack Neo 42mm,G-DETT-DINP-0172,5
173,"{""rating"": 4.5, ""color"": ""Red"", ""variant"": ""Green"", ""is_prime_eligible"": true, ""warranty_months"": 12, ""amazon_style_tag"": ""Best Seller""}",McGraw Hill,McGraw Hill Data Structures Guide Ultra Green in Books category with marketplace-style pricing dynamics and seasonal demand shifts.,McGraw Hill Data Structures Guide Ultra Green,B-MCGR-MHDS-0173,6
174,"{""rating"": 3.9, ""color"": ""Red"", ""variant"": ""256GB"", ""is_prime_eligible"": true, ""warranty_months"": 6, ""amazon_style_tag"": ""Best Seller""}",Dove,Dove Face Wash Max 256GB in Beauty category with marketplace-style pricing dynamics and seasonal demand shifts.,Dove Face Wash Max 256GB,B-DOVE-DFWM-0174,4
175,"{""rating"": 4.3, ""color"": ""Green"", ""variant"": ""5kg"", ""is_prime_eligible"": false, ""warranty_months"": 6, ""amazon_style_tag"": ""Limited Deal""}",Roadster,Roadster Cotton T-Shirt Core 5kg in Fashion category with marketplace-style pricing dynamics and seasonal demand shifts.,Roadster Cotton T-Shirt Core 5kg,F-ROAD-RCTC-0175,3
176,"{""rating"": 4.4, ""color"": ""Red"", ""variant"": ""Blue"", ""is_prime_eligible"": true, ""warranty_months"": 24, ""amazon_style_tag"": ""Recommended""}",Wonderchef,Wonderchef Storage Container Set Pro Blue in Home & Kitchen category with marketplace-style pricing dynamics and seasonal demand shifts.,Wonderchef Storage Container Set Pro Blue,H&K-WOND-WSCS-0176,2
177,"{""rating"": 3.8, ""color"": ""Red"", ""variant"": ""128GB"", ""is_prime_eligible"": true, ""warranty_months"": 12, ""amazon_style_tag"": ""Best Seller""}",HarperCollins,HarperCollins Data Structures Guide Prime 128GB in Books category with marketplace-style pricing dynamics and seasonal demand shifts.,HarperCollins Data Structures Guide Prime 128GB,B-HARP-HDSG-0177,6
178,"{""rating"": 4.1, ""color"": ""Silver"", ""variant"": ""10kg"", ""is_prime_eligible"": true, ""warranty_months"": 12, ""amazon_style_tag"": ""Recommended""}",Pearson,Pearson DBMS Interview Guide Pro 10kg in Books category with marketplace-style pricing dynamics and seasonal demand shifts.,Pearson DBMS Interview Guide Pro 10kg,B-PEAR-PDIG-0178,6
179,"{""rating"": 3.0, ""color"": ""Silver"", ""variant"": ""5kg"", ""is_prime_eligible"": false, ""warranty_months"": 12, ""amazon_style_tag"": null}",HarperCollins,HarperCollins Machine Learning Handbook Core 5kg in Books category with marketplace-style pricing dynamics and seasonal demand shifts.,HarperCollins Machine Learning Handbook Core 5kg,B-HARP-HMLH-0179,6
180,"{""rating"": 3.7, ""color"": ""White"", ""variant"": ""Large"", ""is_prime_eligible"": true, ""warranty_months"": 12, ""amazon_style_tag"": null}",Borosil,Borosil Cookware Set Air Large in Home & Kitchen category with marketplace-style pricing dynamics and seasonal demand shifts.,Borosil Cookware Set Air Large,H&K-BORO-BCSA-0180,2
181,"{""rating"": 4.0, ""color"": ""White"", ""variant"": ""Medium"", ""is_prime_eligible"": false, ""warranty_months"": 12, ""amazon_style_tag"": null}",Maggi,Maggi Green Tea Pack Lite Medium in Groceries category with marketplace-style pricing dynamics and seasonal demand shifts.,Maggi Green Tea Pack Lite Medium,G-MAGG-MGTP-0181,5
182,"{""rating"": 3.7, ""color"": ""Blue"", ""variant"": ""10kg"", ""is_prime_eligible"": true, ""warranty_months"": 12, ""amazon_style_tag"": ""Limited Deal""}",Philips,Philips Electric Kettle Neo 10kg in Home & Kitchen category with marketplace-style pricing dynamics and seasonal demand shifts.,Philips Electric Kettle Neo 10kg,H&K-PHIL-PEKN-0182,2
183,"{""rating"": 4.7, ""color"": ""Pink"", ""variant"": ""1L"", ""is_prime_eligible"": true, ""warranty_months"": 12, ""amazon_style_tag"": ""Limited Deal""}",Penguin,Penguin Aptitude Preparation Book Core 1L in Books category with marketplace-style pricing dynamics and seasonal demand shifts.,Penguin Aptitude Preparation Book Core 1L,B-PENG-PAPB-0183,6
184,"{""rating"": 3.6, ""color"": ""Silver"", ""variant"": ""Small"", ""is_prime_eligible"": true, ""warranty_months"": 12, ""amazon_style_tag"": ""Best Seller""}",Sony,Sony Smart Watch Pro Small in Electronics category with marketplace-style pricing dynamics and seasonal demand shifts.,Sony Smart Watch Pro Small,E-SONY-SSWP-0184,1
185,"{""rating"": 3.9, ""color"": ""Green"", ""variant"": ""5kg"", ""is_prime_eligible"": true, ""warranty_months"": 24, ""amazon_style_tag"": ""Recommended""}",Puma,Puma Backpack Lite 5kg in Fashion category with marketplace-style pricing dynamics and seasonal demand shifts.,Puma Backpack Lite 5kg,F-PUMA-PBL5-0185,3
186,"{""rating"": 4.1, ""color"": ""Grey"", ""variant"": ""Pink"", ""is_prime_eligible"": true, ""warranty_months"": 12, ""amazon_style_tag"": ""Recommended""}",Maybelline,Maybelline Body Lotion Plus Pink in Beauty category with marketplace-style pricing dynamics and seasonal demand shifts.,Maybelline Body Lotion Plus Pink,B-MAYB-MBLP-0186,4
187,"{""rating"": 4.6, ""color"": ""Pink"", ""variant"": ""Green"", ""is_prime_eligible"": true, ""warranty_months"": 24, ""amazon_style_tag"": ""Limited Deal""}",Cello,Cello Lunch Box Max Green in Home & Kitchen category with marketplace-style pricing dynamics and seasonal demand shifts.,Cello Lunch Box Max Green,H&K-CELL-CLBM-0187,2
188,"{""rating"": 3.6, ""color"": ""Green"", ""variant"": ""256GB"", ""is_prime_eligible"": false, ""warranty_months"": 6, ""amazon_style_tag"": null}",Nivea,Nivea Face Wash Air 256GB in Beauty category with marketplace-style pricing dynamics and seasonal demand shifts.,Nivea Face Wash Air 256GB,B-NIVE-NFWA-0188,4
189,"{""rating"": 4.5, ""color"": ""Grey"", ""variant"": ""Pink"", ""is_prime_eligible"": true, ""warranty_months"": 24, ""amazon_style_tag"": null}",Mi,Mi 1080p Webcam Pro Pink in Electronics category with marketplace-style pricing dynamics and seasonal demand shifts.,Mi 1080p Webcam Pro Pink,E-MI-M1WP-0189,1
190,"{""rating"": 4.1, ""color"": ""Grey"", ""variant"": ""Medium"", ""is_prime_eligible"": true, ""warranty_months"": 12, ""amazon_style_tag"": ""Recommended""}",Adidas,Adidas Badminton Racket Plus Medium in Sports category with marketplace-style pricing dynamics and seasonal demand shifts.,Adidas Badminton Racket Plus Medium,S-ADID-ABRP-0190,7
191,"{""rating"": 3.8, ""color"": ""White"", ""variant"": ""Blue"", ""is_prime_eligible"": false, ""warranty_months"": 24, ""amazon_style_tag"": ""Best Seller""}",Borosil,Borosil Cookware Set Air Blue in Home & Kitchen category with marketplace-style pricing dynamics and seasonal demand shifts.,Borosil Cookware Set Air Blue,H&K-BORO-BCSA-0191,2
192,"{""rating"": 4.3, ""color"": ""Grey"", ""variant"": ""10kg"", ""is_prime_eligible"": false, ""warranty_months"": 12, ""amazon_style_tag"": ""Recommended""}",McGraw Hill,McGraw Hill Machine Learning Handbook Lite 10kg in Books category with marketplace-style pricing dynamics and seasonal demand shifts.,McGraw Hill Machine Learning Handbook Lite 10kg,B-MCGR-MHML-0192,6
193,"{""rating"": 4.2, ""color"": ""Blue"", ""variant"": ""Grey"", ""is_prime_eligible"": true, ""warranty_months"": 12, ""amazon_style_tag"": ""Limited Deal""}",Sony,Sony 1080p Webcam Air Grey in Electronics category with marketplace-style pricing dynamics and seasonal demand shifts.,Sony 1080p Webcam Air Grey,E-SONY-S1WA-0193,1
194,"{""rating"": 3.9, ""color"": ""Green"", ""variant"": ""Silver"", ""is_prime_eligible"": true, ""warranty_months"": 24, ""amazon_style_tag"": null}",Arihant,Arihant Machine Learning Handbook Max Silver in Books category with marketplace-style pricing dynamics and seasonal demand shifts.,Arihant Machine Learning Handbook Max Silver,B-ARIH-AMLH-0194,6
195,"{""rating"": 4.1, ""color"": ""White"", ""variant"": ""256GB"", ""is_prime_eligible"": true, ""warranty_months"": 12, ""amazon_style_tag"": ""Limited Deal""}",Fortune,Fortune Detergent Powder 2kg Neo 256GB in Groceries category with marketplace-style pricing dynamics and seasonal demand shifts.,Fortune Detergent Powder 2kg Neo 256GB,G-FORT-FDP2-0195,5
196,"{""rating"": 4.0, ""color"": ""Red"", ""variant"": ""1L"", ""is_prime_eligible"": false, ""warranty_months"": 12, ""amazon_style_tag"": ""Limited Deal""}",Cosco,Cosco Yoga Mat Pro 1L in Sports category with marketplace-style pricing dynamics and seasonal demand shifts.,Cosco Yoga Mat Pro 1L,S-COSC-CYMP-0196,7
197,"{""rating"": 4.1, ""color"": ""Pink"", ""variant"": ""Small"", ""is_prime_eligible"": false, ""warranty_months"": 24, ""amazon_style_tag"": null}",Sony,Sony USB-C Charger Pro Small in Electronics category with marketplace-style pricing dynamics and seasonal demand shifts.,Sony USB-C Charger Pro Small,E-SONY-SUCP-0197,1
198,"{""rating"": 4.3, ""color"": ""Pink"", ""variant"": ""Pink"", ""is_prime_eligible"": false, ""warranty_months"": 24, ""amazon_style_tag"": ""Recommended""}",Yonex,Yonex Dumbbell Pair Edge Pink in Sports category with marketplace-style pricing dynamics and seasonal demand shifts.,Yonex Dumbbell Pair Edge Pink,S-YONE-YDPE-0198,7
199,"{""rating"": 4.7, ""color"": ""Red"", ""variant"": ""Pink"", ""is_prime_eligible"": true, ""warranty_months"": 6, ""amazon_style_tag"": ""Limited Deal""}",HP,HP Noise Cancelling Headphones Pro Pink in Electronics category with marketplace-style pricing dynamics and seasonal demand shifts.,HP Noise Cancelling Headphones Pro Pink,E-HP-HNCH-0199,1
200,"{""rating"": 3.7, ""color"": ""Red"", ""variant"": ""Red"", ""is_prime_eligible"": true, ""warranty_months"": 6, ""amazon_style_tag"": ""Best Seller""}",Prestige,Prestige Vacuum Flask Pro Red in Home & Kitchen category with marketplace-style pricing dynamics and seasonal demand shifts.,Prestige Vacuum Flask Pro Red,H&K-PRES-PVFP-0200,2
201,"{""rating"": 4.8, ""color"": ""White"", ""variant"": ""Medium"", ""is_prime_eligible"": false, ""warranty_months"": 12, ""amazon_style_tag"": ""Best Seller""}",OnePlus,OnePlus Smart Watch Lite Medium in Electronics category with marketplace-style pricing dynamics and seasonal demand shifts.,OnePlus Smart Watch Lite Medium,E-ONEP-OSWL-0201,1
202,"{""rating"": 3.4, ""color"": ""Blue"", ""variant"": ""256GB"", ""is_prime_eligible"": false, ""warranty_months"": 6, ""amazon_style_tag"": ""Top Rated""}",Noise,Noise Mechanical Keyboard Prime 256GB in Electronics category with marketplace-style pricing dynamics and seasonal demand shifts.,Noise Mechanical Keyboard Prime 256GB,E-NOIS-NMKP-0202,1
203,"{""rating"": 4.0, ""color"": ""Grey"", ""variant"": ""Large"", ""is_prime_eligible"": true, ""warranty_months"": 12, ""amazon_style_tag"": null}",Maybelline,Maybelline Shampoo Ultra Large in Beauty category with marketplace-style pricing dynamics and seasonal demand shifts.,Maybelline Shampoo Ultra Large,B-MAYB-MSUL-0203,4
204,"{""rating"": 4.3, ""color"": ""Red"", ""variant"": ""White"", ""is_prime_eligible"": false, ""warranty_months"": 12, ""amazon_style_tag"": ""Top Rated""}",Apple,Apple Noise Cancelling Headphones Neo White in Electronics category with marketplace-style pricing dynamics and seasonal demand shifts.,Apple Noise Cancelling Headphones Neo White,E-APPL-ANCH-0204,1
205,"{""rating"": 4.2, ""color"": ""Pink"", ""variant"": ""Red"", ""is_prime_eligible"": false, ""warranty_months"": 24, ""amazon_style_tag"": ""Limited Deal""}",Dettol,Dettol Peanut Butter Prime Red in Groceries category with marketplace-style pricing dynamics and seasonal demand shifts.,Dettol Peanut Butter Prime Red,G-DETT-DPBP-0205,5
206,"{""rating"": 3.9, ""color"": ""Black"", ""variant"": ""Black"", ""is_prime_eligible"": false, ""warranty_months"": 6, ""amazon_style_tag"": ""Limited Deal""}",Fortune,Fortune Instant Noodles Pack Plus Black in Groceries category with marketplace-style pricing dynamics and seasonal demand shifts.,Fortune Instant Noodles Pack Plus Black,G-FORT-FINP-0206,5
207,"{""rating"": 4.0, ""color"": ""Green"", ""variant"": ""Blue"", ""is_prime_eligible"": true, ""warranty_months"": 6, ""amazon_style_tag"": ""Limited Deal""}",Nike,Nike Tennis Balls Set Core Blue in Sports category with marketplace-style pricing dynamics and seasonal demand shifts.,Nike Tennis Balls Set Core Blue,S-NIKE-NTBS-0207,7
208,"{""rating"": 3.9, ""color"": ""Green"", ""variant"": ""Medium"", ""is_prime_eligible"": true, ""warranty_months"": 6, ""amazon_style_tag"": ""Top Rated""}",Pearson,Pearson Python Programming Book Max Medium in Books category with marketplace-style pricing dynamics and seasonal demand shifts.,Pearson Python Programming Book Max Medium,B-PEAR-PPPB-0208,6
209,"{""rating"": 3.9, ""color"": ""Silver"", ""variant"": ""Black"", ""is_prime_eligible"": true, ""warranty_months"": 12, ""amazon_style_tag"": ""Recommended""}",Roadster,Roadster Sunglasses Air Black in Fashion category with marketplace-style pricing dynamics and seasonal demand shifts.,Roadster Sunglasses Air Black,F-ROAD-RSAB-0209,3
210,"{""rating"": 4.4, ""color"": ""Pink"", ""variant"": ""42mm"", ""is_prime_eligible"": true, ""warranty_months"": 24, ""amazon_style_tag"": ""Recommended""}",Biotique,Biotique Face Wash Lite 42mm in Beauty category with marketplace-style pricing dynamics and seasonal demand shifts.,Biotique Face Wash Lite 42mm,B-BIOT-BFWL-0210,4
211,"{""rating"": 4.2, ""color"": ""Black"", ""variant"": ""Large"", ""is_prime_eligible"": true, ""warranty_months"": 12, ""amazon_style_tag"": ""Top Rated""}",Penguin,Penguin Python Programming Book Air Large in Books category with marketplace-style pricing dynamics and seasonal demand shifts.,Penguin Python Programming Book Air Large,B-PENG-PPPB-0211,6
212,"{""rating"": 3.9, ""color"": ""White"", ""variant"": ""Large"", ""is_prime_eligible"": false, ""warranty_months"": 12, ""amazon_style_tag"": null}",Sony,Sony Power Bank Pro Large in Electronics category with marketplace-style pricing dynamics and seasonal demand shifts.,Sony Power Bank Pro Large,E-SONY-SPBP-0212,1
213,"{""rating"": 4.4, ""color"": ""Grey"", ""variant"": ""Blue"", ""is_prime_eligible"": true, ""warranty_months"": 24, ""amazon_style_tag"": ""Limited Deal""}",Noise,Noise Laptop Stand Prime Blue in Electronics category with marketplace-style pricing dynamics and seasonal demand shifts.,Noise Laptop Stand Prime Blue,E-NOIS-NLSP-0213,1
214,"{""rating"": 4.2, ""color"": ""White"", ""variant"": ""5kg"", ""is_prime_eligible"": true, ""warranty_months"": 12, ""amazon_style_tag"": ""Best Seller""}",Zara,Zara Leather Wallet Plus 5kg in Fashion category with marketplace-style pricing dynamics and seasonal demand shifts.,Zara Leather Wallet Plus 5kg,F-ZARA-ZLWP-0214,3
215,"{""rating"": 4.4, ""color"": ""Pink"", ""variant"": ""5kg"", ""is_prime_eligible"": true, ""warranty_months"": 12, ""amazon_style_tag"": ""Top Rated""}",Cosco,Cosco Football Edge 5kg in Sports category with marketplace-style pricing dynamics and seasonal demand shifts.,Cosco Football Edge 5kg,S-COSC-CFE5-0215,7
216,"{""rating"": 4.3, ""color"": ""Blue"", ""variant"": ""Large"", ""is_prime_eligible"": true, ""warranty_months"": 12, ""amazon_style_tag"": ""Best Seller""}",Dove,Dove Moisturizer Ultra Large in Beauty category with marketplace-style pricing dynamics and seasonal demand shifts.,Dove Moisturizer Ultra Large,B-DOVE-DMUL-0216,4
217,"{""rating"": 3.8, ""color"": ""Black"", ""variant"": ""Black"", ""is_prime_eligible"": true, ""warranty_months"": 12, ""amazon_style_tag"": ""Recommended""}",Nivea,Nivea Moisturizer Max Black in Beauty category with marketplace-style pricing dynamics and seasonal demand shifts.,Nivea Moisturizer Max Black,B-NIVE-NMMB-0217,4
218,"{""rating"": 3.9, ""color"": ""Red"", ""variant"": ""Black"", ""is_prime_eligible"": true, ""warranty_months"": 12, ""amazon_style_tag"": ""Limited Deal""}",Apple,Apple Portable SSD Ultra Black in Electronics category with marketplace-style pricing dynamics and seasonal demand shifts.,Apple Portable SSD Ultra Black,E-APPL-APSU-0218,1
219,"{""rating"": 4.4, ""color"": ""Pink"", ""variant"": ""Large"", ""is_prime_eligible"": true, ""warranty_months"": 12, ""amazon_style_tag"": ""Limited Deal""}",Butterfly,Butterfly Cookware Set Neo Large in Home & Kitchen category with marketplace-style pricing dynamics and seasonal demand shifts.,Butterfly Cookware Set Neo Large,H&K-BUTT-BCSN-0219,2
220,"{""rating"": 4.3, ""color"": ""Blue"", ""variant"": ""10kg"", ""is_prime_eligible"": true, ""warranty_months"": 12, ""amazon_style_tag"": null}",Butterfly,Butterfly Electric Kettle Pro 10kg in Home & Kitchen category with marketplace-style pricing dynamics and seasonal demand shifts.,Butterfly Electric Kettle Pro 10kg,H&K-BUTT-BEKP-0220,2
221,"{""rating"": 4.1, ""color"": ""Blue"", ""variant"": ""Pink"", ""is_prime_eligible"": true, ""warranty_months"": 12, ""amazon_style_tag"": null}",Allen Solly,Allen Solly Slim Fit Jeans Ultra Pink in Fashion category with marketplace-style pricing dynamics and seasonal demand shifts.,Allen Solly Slim Fit Jeans Ultra Pink,F-ALLE-ASSF-0221,3
222,"{""rating"": 4.1, ""color"": ""Black"", ""variant"": ""42mm"", ""is_prime_eligible"": true, ""warranty_months"": 24, ""amazon_style_tag"": ""Best Seller""}",Lakme,Lakme Body Lotion Pro 42mm in Beauty category with marketplace-style pricing dynamics and seasonal demand shifts.,Lakme Body Lotion Pro 42mm,B-LAKM-LBLP-0222,4
223,"{""rating"": 4.5, ""color"": ""Green"", ""variant"": ""2L"", ""is_prime_eligible"": true, ""warranty_months"": 12, ""amazon_style_tag"": ""Limited Deal""}",OnePlus,OnePlus Gaming Mouse Lite 2L in Electronics category with marketplace-style pricing dynamics and seasonal demand shifts.,OnePlus Gaming Mouse Lite 2L,E-ONEP-OGML-0223,1
224,"{""rating"": 3.9, ""color"": ""Pink"", ""variant"": ""Red"", ""is_prime_eligible"": true, ""warranty_months"": 24, ""amazon_style_tag"": ""Top Rated""}",Arihant,Arihant Machine Learning Handbook Edge Red in Books category with marketplace-style pricing dynamics and seasonal demand shifts.,Arihant Machine Learning Handbook Edge Red,B-ARIH-AMLH-0224,6
225,"{""rating"": 4.3, ""color"": ""White"", ""variant"": ""Pink"", ""is_prime_eligible"": true, ""warranty_months"": 12, ""amazon_style_tag"": ""Recommended""}",Arihant,Arihant Cloud Computing Basics Edge Pink in Books category with marketplace-style pricing dynamics and seasonal demand shifts.,Arihant Cloud Computing Basics Edge Pink,B-ARIH-ACCB-0225,6
226,"{""rating"": 4.0, ""color"": ""Blue"", ""variant"": ""42mm"", ""is_prime_eligible"": false, ""warranty_months"": 6, ""amazon_style_tag"": ""Top Rated""}",Philips,Philips Vacuum Flask Edge 42mm in Home & Kitchen category with marketplace-style pricing dynamics and seasonal demand shifts.,Philips Vacuum Flask Edge 42mm,H&K-PHIL-PVFE-0226,2
227,"{""rating"": 4.0, ""color"": ""White"", ""variant"": ""128GB"", ""is_prime_eligible"": true, ""warranty_months"": 24, ""amazon_style_tag"": ""Best Seller""}",Nivea,Nivea Body Lotion Ultra 128GB in Beauty category with marketplace-style pricing dynamics and seasonal demand shifts.,Nivea Body Lotion Ultra 128GB,B-NIVE-NBLU-0227,4
228,"{""rating"": 4.5, ""color"": ""Grey"", ""variant"": ""2L"", ""is_prime_eligible"": true, ""warranty_months"": 12, ""amazon_style_tag"": null}",Puma,Puma Leather Wallet Neo 2L in Fashion category with marketplace-style pricing dynamics and seasonal demand shifts.,Puma Leather Wallet Neo 2L,F-PUMA-PLWN-0228,3
229,"{""rating"": 4.4, ""color"": ""Grey"", ""variant"": ""Large"", ""is_prime_eligible"": false, ""warranty_months"": 12, ""amazon_style_tag"": null}",Wonderchef,Wonderchef Knife Set Max Large in Home & Kitchen category with marketplace-style pricing dynamics and seasonal demand shifts.,Wonderchef Knife Set Max Large,H&K-WOND-WKSM-0229,2
230,"{""rating"": 4.4, ""color"": ""Pink"", ""variant"": ""42mm"", ""is_prime_eligible"": true, ""warranty_months"": 6, ""amazon_style_tag"": ""Recommended""}",HarperCollins,HarperCollins Operating Systems Textbook Max 42mm in Books category with marketplace-style pricing dynamics and seasonal demand shifts.,HarperCollins Operating Systems Textbook Max 42mm,B-HARP-HOST-0230,6
231,"{""rating"": 4.6, ""color"": ""Grey"", ""variant"": ""Silver"", ""is_prime_eligible"": true, ""warranty_months"": 24, ""amazon_style_tag"": ""Best Seller""}",Butterfly,Butterfly Knife Set Max Silver in Home & Kitchen category with marketplace-style pricing dynamics and seasonal demand shifts.,Butterfly Knife Set Max Silver,H&K-BUTT-BKSM-0231,2
232,"{""rating"": 4.1, ""color"": ""White"", ""variant"": ""Black"", ""is_prime_eligible"": true, ""warranty_months"": 24, ""amazon_style_tag"": null}",Boat,Boat Tablet Cover Lite Black in Electronics category with marketplace-style pricing dynamics and seasonal demand shifts.,Boat Tablet Cover Lite Black,E-BOAT-BTCL-0232,1
233,"{""rating"": 4.3, ""color"": ""Silver"", ""variant"": ""2L"", ""is_prime_eligible"": true, ""warranty_months"": 12, ""amazon_style_tag"": null}",Roadster,Roadster Sunglasses Air 2L in Fashion category with marketplace-style pricing dynamics and seasonal demand shifts.,Roadster Sunglasses Air 2L,F-ROAD-RSA2-0233,3
234,"{""rating"": 4.0, ""color"": ""Black"", ""variant"": ""128GB"", ""is_prime_eligible"": false, ""warranty_months"": 12, ""amazon_style_tag"": ""Top Rated""}",Adidas,Adidas Skipping Rope Core 128GB in Sports category with marketplace-style pricing dynamics and seasonal demand shifts.,Adidas Skipping Rope Core 128GB,S-ADID-ASRC-0234,7
235,"{""rating"": 4.2, ""color"": ""Green"", ""variant"": ""Blue"", ""is_prime_eligible"": true, ""warranty_months"": 12, ""amazon_style_tag"": ""Best Seller""}",JBL,JBL Wireless Mouse Neo Blue in Electronics category with marketplace-style pricing dynamics and seasonal demand shifts.,JBL Wireless Mouse Neo Blue,E-JBL-JWMN-0235,1
236,"{""rating"": 4.1, ""color"": ""Grey"", ""variant"": ""Large"", ""is_prime_eligible"": false, ""warranty_months"": 24, ""amazon_style_tag"": ""Recommended""}",Borosil,Borosil Induction Cooktop Core Large in Home & Kitchen category with marketplace-style pricing dynamics and seasonal demand shifts.,Borosil Induction Cooktop Core Large,H&K-BORO-BICC-0236,2
237,"{""rating"": 4.1, ""color"": ""Grey"", ""variant"": ""Red"", ""is_prime_eligible"": true, ""warranty_months"": 24, ""amazon_style_tag"": ""Limited Deal""}",Fortune,Fortune Wheat Flour 10kg Edge Red in Groceries category with marketplace-style pricing dynamics and seasonal demand shifts.,Fortune Wheat Flour 10kg Edge Red,G-FORT-FWF1-0237,5
238,"{""rating"": 4.3, ""color"": ""White"", ""variant"": ""White"", ""is_prime_eligible"": false, ""warranty_months"": 24, ""amazon_style_tag"": ""Limited Deal""}",Nike,Nike Slim Fit Jeans Pro White in Fashion category with marketplace-style pricing dynamics and seasonal demand shifts.,Nike Slim Fit Jeans Pro White,F-NIKE-NSFJ-0238,3
239,"{""rating"": 3.8, ""color"": ""Grey"", ""variant"": ""2L"", ""is_prime_eligible"": true, ""warranty_months"": 24, ""amazon_style_tag"": null}",Sony,Sony Fitness Band Core 2L in Electronics category with marketplace-style pricing dynamics and seasonal demand shifts.,Sony Fitness Band Core 2L,E-SONY-SFBC-0239,1
240,"{""rating"": 4.8, ""color"": ""White"", ""variant"": ""128GB"", ""is_prime_eligible"": false, ""warranty_months"": 6, ""amazon_style_tag"": null}",Mamaearth,Mamaearth Perfume Core 128GB in Beauty category with marketplace-style pricing dynamics and seasonal demand shifts.,Mamaearth Perfume Core 128GB,B-MAMA-MPC1-0240,4
241,"{""rating"": 3.7, ""color"": ""Green"", ""variant"": ""Small"", ""is_prime_eligible"": true, ""warranty_months"": 6, ""amazon_style_tag"": null}",Biotique,Biotique Lipstick Neo Small in Beauty category with marketplace-style pricing dynamics and seasonal demand shifts.,Biotique Lipstick Neo Small,B-BIOT-BLNS-0241,4
242,"{""rating"": 3.7, ""color"": ""Blue"", ""variant"": ""42mm"", ""is_prime_eligible"": true, ""warranty_months"": 12, ""amazon_style_tag"": ""Recommended""}",Dove,Dove Hair Oil Max 42mm in Beauty category with marketplace-style pricing dynamics and seasonal demand shifts.,Dove Hair Oil Max 42mm,B-DOVE-DHOM-0242,4
243,"{""rating"": 4.5, ""color"": ""Pink"", ""variant"": ""White"", ""is_prime_eligible"": true, ""warranty_months"": 12, ""amazon_style_tag"": null}",Aashirvaad,Aashirvaad Coffee Jar Air White in Groceries category with marketplace-style pricing dynamics and seasonal demand shifts.,Aashirvaad Coffee Jar Air White,G-AASH-ACJA-0243,5
244,"{""rating"": 4.4, ""color"": ""Pink"", ""variant"": ""42mm"", ""is_prime_eligible"": true, ""warranty_months"": 24, ""amazon_style_tag"": ""Top Rated""}",JBL,JBL Portable SSD Pro 42mm in Electronics category with marketplace-style pricing dynamics and seasonal demand shifts.,JBL Portable SSD Pro 42mm,E-JBL-JPSP-0244,1
245,"{""rating"": 4.3, ""color"": ""Red"", ""variant"": ""Blue"", ""is_prime_eligible"": true, ""warranty_months"": 6, ""amazon_style_tag"": ""Recommended""}",Nivia,Nivia Skipping Rope Lite Blue in Sports category with marketplace-style pricing dynamics and seasonal demand shifts.,Nivia Skipping Rope Lite Blue,S-NIVI-NSRL-0245,7
246,"{""rating"": 4.3, ""color"": ""Black"", ""variant"": ""Medium"", ""is_prime_eligible"": true, ""warranty_months"": 24, ""amazon_style_tag"": ""Best Seller""}",Fortune,Fortune Peanut Butter Pro Medium in Groceries category with marketplace-style pricing dynamics and seasonal demand shifts.,Fortune Peanut Butter Pro Medium,G-FORT-FPBP-0246,5
247,"{""rating"": 4.1, ""color"": ""Red"", ""variant"": ""Red"", ""is_prime_eligible"": true, ""warranty_months"": 12, ""amazon_style_tag"": ""Best Seller""}",Pigeon,Pigeon Cookware Set Ultra Red in Home & Kitchen category with marketplace-style pricing dynamics and seasonal demand shifts.,Pigeon Cookware Set Ultra Red,H&K-PIGE-PCSU-0247,2
248,"{""rating"": 3.8, ""color"": ""Green"", ""variant"": ""Red"", ""is_prime_eligible"": true, ""warranty_months"": 12, ""amazon_style_tag"": ""Limited Deal""}",Penguin,Penguin Operating Systems Textbook Air Red in Books category with marketplace-style pricing dynamics and seasonal demand shifts.,Penguin Operating Systems Textbook Air Red,B-PENG-POST-0248,6
249,"{""rating"": 4.1, ""color"": ""White"", ""variant"": ""Large"", ""is_prime_eligible"": true, ""warranty_months"": 24, ""amazon_style_tag"": ""Recommended""}",Maybelline,Maybelline Moisturizer Pro Large in Beauty category with marketplace-style pricing dynamics and seasonal demand shifts.,Maybelline Moisturizer Pro Large,B-MAYB-MMPL-0249,4
250,"{""rating"": 3.9, ""color"": ""Green"", ""variant"": ""Green"", ""is_prime_eligible"": true, ""warranty_months"": 12, ""amazon_style_tag"": ""Best Seller""}",Puma,Puma Cricket Bat Edge Green in Sports category with marketplace-style pricing dynamics and seasonal demand shifts.,Puma Cricket Bat Edge Green,S-PUMA-PCBE-0250,7
251,"{""rating"": 4.4, ""color"": ""Pink"", ""variant"": ""42mm"", ""is_prime_eligible"": true, ""warranty_months"": 24, ""amazon_style_tag"": ""Recommended""}",Sony,Sony 1080p Webcam Core 42mm in Electronics category with marketplace-style pricing dynamics and seasonal demand shifts.,Sony 1080p Webcam Core 42mm,E-SONY-S1WC-0251,1
252,"{""rating"": 4.0, ""color"": ""Red"", ""variant"": ""1L"", ""is_prime_eligible"": false, ""warranty_months"": 24, ""amazon_style_tag"": ""Top Rated""}",L'Oreal,L'Oreal Body Lotion Neo 1L in Beauty category with marketplace-style pricing dynamics and seasonal demand shifts.,L'Oreal Body Lotion Neo 1L,B-LORE-LBLN-0252,4
253,"{""rating"": 3.8, ""color"": ""Green"", ""variant"": ""10kg"", ""is_prime_eligible"": false, ""warranty_months"": 12, ""amazon_style_tag"": ""Top Rated""}",Maggi,Maggi Basmati Rice 5kg Max 10kg in Groceries category with marketplace-style pricing dynamics and seasonal demand shifts.,Maggi Basmati Rice 5kg Max 10kg,G-MAGG-MBR5-0253,5
254,"{""rating"": 4.0, ""color"": ""Silver"", ""variant"": ""256GB"", ""is_prime_eligible"": true, ""warranty_months"": 12, ""amazon_style_tag"": ""Limited Deal""}",Allen Solly,Allen Solly Women's Running Shoes Ultra 256GB in Fashion category with marketplace-style pricing dynamics and seasonal demand shifts.,Allen Solly Women's Running Shoes Ultra 256GB,F-ALLE-ASWR-0254,3
255,"{""rating"": 4.2, ""color"": ""Blue"", ""variant"": ""Black"", ""is_prime_eligible"": true, ""warranty_months"": 24, ""amazon_style_tag"": ""Top Rated""}",Levi's,Levi's Men's Casual Shirt Max Black in Fashion category with marketplace-style pricing dynamics and seasonal demand shifts.,Levi's Men's Casual Shirt Max Black,F-LEVI-LMCS-0255,3
256,"{""rating"": 3.9, ""color"": ""Blue"", ""variant"": ""Blue"", ""is_prime_eligible"": true, ""warranty_months"": 12, ""amazon_style_tag"": null}",Butterfly,Butterfly Cookware Set Plus Blue in Home & Kitchen category with marketplace-style pricing dynamics and seasonal demand shifts.,Butterfly Cookware Set Plus Blue,H&K-BUTT-BCSP-0256,2
257,"{""rating"": 3.8, ""color"": ""White"", ""variant"": ""Red"", ""is_prime_eligible"": true, ""warranty_months"": 12, ""amazon_style_tag"": ""Top Rated""}",Penguin,Penguin Machine Learning Handbook Max Red in Books category with marketplace-style pricing dynamics and seasonal demand shifts.,Penguin Machine Learning Handbook Max Red,B-PENG-PMLH-0257,6
258,"{""rating"": 4.2, ""color"": ""Green"", ""variant"": ""Small"", ""is_prime_eligible"": true, ""warranty_months"": 12, ""amazon_style_tag"": ""Best Seller""}",Zara,Zara Women's Running Shoes Edge Small in Fashion category with marketplace-style pricing dynamics and seasonal demand shifts.,Zara Women's Running Shoes Edge Small,F-ZARA-ZWRS-0258,3
259,"{""rating"": 4.2, ""color"": ""Red"", ""variant"": ""Large"", ""is_prime_eligible"": true, ""warranty_months"": 12, ""amazon_style_tag"": ""Recommended""}",Levi's,Levi's Sneakers Core Large in Fashion category with marketplace-style pricing dynamics and seasonal demand shifts.,Levi's Sneakers Core Large,F-LEVI-LSCL-0259,3
260,"{""rating"": 3.9, ""color"": ""Pink"", ""variant"": ""256GB"", ""is_prime_eligible"": true, ""warranty_months"": 12, ""amazon_style_tag"": null}",Mi,Mi Wireless Mouse Plus 256GB in Electronics category with marketplace-style pricing dynamics and seasonal demand shifts.,Mi Wireless Mouse Plus 256GB,E-MI-MWMP-0260,1
